img,url,title,desc,date
https://images.newindianexpress.com/uploads/user/imagelibrary/logo/nie_logo_600X390.jpg,https://www.newindianexpress.com/cities/chennai/2022/jan/11/chennai-corpto-finish-relaying-roads-in-two-monthsofficials-2405435.html,Chennai Corp to finish relaying roads in two months: Officials,"The IAS officers, appointed to each zone to oversee the Covid-19 preventive measures, will also monitor the laying of roads. ",published on : 11th January 2022
https://images.newindianexpress.com/uploads/user/imagelibrary/logo/nie_logo_600X390.jpg,https://www.newindianexpress.com/cities/chennai/2022/jan/11/commuters-face-tough-time-navigating-perungudi-roads-2405434.html,Commuters face tough time navigating Perungudi roads,"Want to enjoy off-roading? All you need to do is head to the Corporation Road in Perungudi.
The back-breaking road has not been relaid for half a decade and is filled with craters and potholes.",published on : 11th January 2022
https://images.newindianexpress.com/uploads/user/imagelibrary/logo/nie_logo_600X390.jpg,https://www.newindianexpress.com/nation/2022/jan/10/rahul-gandhi-returns-from-abroad-reviews-poll-strategy-for-goa-2405252.html,"Rahul Gandhi returns from abroad, reviews poll strategy for Goa",The sources said Rahul Gandhi was abroad during the last few days for the New Year and returned last night.,published on : 10th January 2022
https://images.newindianexpress.com/uploads/user/imagelibrary/logo/nie_logo_600X390.jpg,https://www.newindianexpress.com/states/odisha/2022/jan/10/odisha-police-book-three-engineers-for-alleged-involvement-in-road-construction-scam-2405083.html,Odisha police book three engineers for alleged involvement in road construction scam,"The trio was booked under sections 420, 406 and 34 of the IPC basing on the FIR of Superintending Engineer of RD department of Jajpur and Kendrapara circle Sanjeeb Kumar Das.",published on : 10th January 2022
https://images.newindianexpress.com/uploads/user/imagelibrary/logo/nie_logo_600X390.jpg,https://www.newindianexpress.com/states/andhra-pradesh/2022/jan/10/ttd-to-reopen-alipiri-ghat-road-tomorrow-2405093.html,TTD to reopen Alipiri ghat road tomorrow,The Tirumala Tirupati Devasthanams (TTD) had diverted vehicular traffic to Tirumala through the link road to undertake repair works.,published on : 10th January 2022
https://images.newindianexpress.com/uploads/user/imagelibrary/logo/nie_logo_600X390.jpg,https://www.newindianexpress.com/states/andhra-pradesh/2022/jan/10/govt-sanctions-18841-cr-to-repair-82-roads-2405094.html,Govt sanctions Rs 188.41 cr to repair 82 roads,"62 roads in Krishna will be repaired with Rs 111.25 cr, Rs 77.16 cr to be used to maintain 20 roads under State Highways",published on : 10th January 2022
https://images.newindianexpress.com/uploads/user/imagelibrary/logo/nie_logo_600X390.jpg,https://www.newindianexpress.com/cities/bengaluru/2022/jan/10/shortfilm-life-at-crossroads-2404941.html,Shortfilm: Life at crossroads,"Independent filmmaker Pooja’s latest short film Amamma, starring Padma Shri B Jayashree is based on a sensitive topic of the elderly’s need for companionship.",published on : 10th January 2022
https://images.newindianexpress.com/uploads/user/imagelibrary/logo/nie_logo_600X390.jpg,https://www.newindianexpress.com/cities/chennai/2022/jan/10/road-over-bridge-construction-on-chennai-tiruvallur-high-road-causing-hardship-for-motorists-2405015.html,Road over bridge construction on Chennai-Tiruvallur High Road causing hardship for motorists,The ongoing works of road over bridge on Chennai - Tiruvallur High (CTH) Road is causing hardship to motorists in the western suburban areas.,published on : 10th January 2022
https://images.newindianexpress.com/uploads/user/imagelibrary/logo/nie_logo_600X390.jpg,https://www.newindianexpress.com/cities/chennai/2022/jan/10/toll-collection-on-outer-ring-road-from-today-2405014.html,Toll collection on Outer Ring Road from today,"The stretch, built at a cost of over Rs 1,000 crore, was inaugurated 10 months ago",published on : 10th January 2022
https://images.newindianexpress.com/uploads/user/imagelibrary/logo/nie_logo_600X390.jpg,https://www.newindianexpress.com/nation/2022/jan/09/tough-road-ahead-for-bjp-in-poll-bound-states-as-demands-yet-to-be-met-farmer-leaders-2404849.html,Tough road ahead for BJP in poll-bound states as demands yet to be met: Farmer leaders,"Samyukta Kisan Morcha (SKM), an umbrella body of 44 farm unions, will meet on January 15 to review the progress on pending demands and decide on the future course of action.",published on : 9th January 2022
https://images.newindianexpress.com/uploads/user/imagelibrary/logo/nie_logo_600X390.jpg,https://www.newindianexpress.com/states/telangana/2022/jan/09/university-of-hyderabadmoves-division-bench-over-road-2404733.html,University of Hyderabad moves division bench over road,UoH wanted to restrain authorities from laying an approach road through its campus admeasuring over 18.30 acres.,published on : 9th January 2022
https://images.newindianexpress.com/uploads/user/imagelibrary/logo/nie_logo_600X390.jpg,https://www.newindianexpress.com/cities/chennai/2022/jan/08/chennai-corpgets-rs-213-crore-more-to-fix-roads-damaged-in-rains-2404435.html,Chennai Corp gets Rs 213 crore more to fix roads damaged in rains,"Following the withdrawal of the Northeast monsoon, the Chennai Corporation has formed teams that includes deputy commissioners to monitor road repair works.",published on : 8th January 2022
https://images.newindianexpress.com/uploads/user/imagelibrary/logo/nie_logo_600X390.jpg,https://www.newindianexpress.com/good-news/2022/jan/08/kerala-teacher-leading-children-on-road-to-innovation-2404295.html,Kerala teacher leading children on road to innovation,"Sunil Paul, who hails from Chemperi in Kannur, declined many lucrative job offers from abroad after securing the first rank in MTech from SRM University, Chennai, in robotics.",published on : 8th January 2022
https://images.newindianexpress.com/uploads/user/imagelibrary/logo/nie_logo_600X390.jpg,https://www.newindianexpress.com/cities/hyderabad/2022/jan/07/telangana-hc-quashes-university-of-hyderabad-plea-against-road-in-campus-2403955.html,Telangana HC quashes University of Hyderabad plea against road in campus,"The approach road, which has resulted in acquisition of 18.30 acres of university land, connects Indian School of Business with Serilingampally.",published on : 7th January 2022
https://images.newindianexpress.com/uploads/user/imagelibrary/logo/nie_logo_600X390.jpg,https://www.newindianexpress.com/states/andhra-pradesh/2022/jan/07/phase-2-ghat-road-works-begin-at-kondaveedu-2404017.html,Phase-2 ghat road works begin at Kondaveedu,"On this occasion, Nayeemulla inspected the ongoing construction works at Narasimha Swamy Temple, Mosque, and Sivalayam and made necessary suggestions.",published on : 7th January 2022
https://images.newindianexpress.com/uploads/user/imagelibrary/logo/nie_logo_600X390.jpg,https://www.newindianexpress.com/cities/bengaluru/2022/jan/07/e-bikes-eye-record-books-with-14k-km-road-trip-2404010.html,E-bikes eye record books with 14k+ km road trip,"The two riders -- John Kuruvilla and Gautam Khot -- will undertake a over 14,000-km round trip across the country on February 4, and it will be flagged off from Bengaluru.",published on : 7th January 2022
https://images.newindianexpress.com/uploads/user/imagelibrary/logo/nie_logo_600X390.jpg,https://www.newindianexpress.com/states/telangana/2022/jan/06/three-killed-in-road-mishap-at-patancheru-2403584.html,Three killed in road mishap at Patancheru,The auto driver turned right near Maheshwaram College and was hit by a tipper coming from Patancheru side.,published on : 6th January 2022
https://images.newindianexpress.com/uploads/user/imagelibrary/logo/nie_logo_600X390.jpg,https://www.newindianexpress.com/states/odisha/2022/jan/06/one-public-health-centre-1-ambulance-and-no-roads-sum-up-healthcare-for-odishas-bonda-tribals-2403695.html,"One public health centre, 1 ambulance and no roads sum up healthcare for Odisha's Bonda tribals ",The tribals are forced to hire private vehicles at exorbitant rates to reach the community health centre in Khairput which is 30 km from the Bonda Hill.,published on : 6th January 2022
https://images.newindianexpress.com/uploads/user/imagelibrary/logo/nie_logo_600X390.jpg,https://www.newindianexpress.com/cities/bengaluru/2022/jan/06/roadmap-to-build-new-bengaluru-in-works-bommai-2403559.html,Roadmap to build new Bengaluru in works: Bommai,"Moots the need to develop city in a planned & integrated manner
 ",published on : 6th January 2022
https://images.newindianexpress.com/uploads/user/imagelibrary/logo/nie_logo_600X390.jpg,https://www.newindianexpress.com/business/2022/jan/05/focussed-road-map-timely-interventions-necessary-to-achieve-net-zero-target-by-2070-icra-2403405.html,"Focussed road map, timely interventions necessary to achieve net zero target by 2070: ICRA",ICRA Head (Research and Outreach) Rohit Ahuja said that these sectors together emit 90 per cent of carbon dioxide as per 2019 data of the International Energy Agency.,published on : 5th January 2022
https://images.newindianexpress.com/uploads/user/imagelibrary/logo/nie_logo_600X390.jpg,https://www.newindianexpress.com/nation/2022/jan/05/pm-modi-gets-stuck-on-road-in-punjab-for-20-minutes-skips-mega-event-over-security-lapse-2403377.html,"PM Modi gets stuck on road in Punjab for 20 minutes, skips mega event over 'security lapse' ",The Ministry of Home Affairs took cognisance of the serious security lapse and has sought a detailed report from the state government. ,published on : 5th January 2022
https://images.newindianexpress.com/uploads/user/imagelibrary/logo/nie_logo_600X390.jpg,https://www.newindianexpress.com/business/2022/jan/05/hughes-network-systems-bharti-airtel-form-jv-to-offer-satellite-broadband-services-in-india-2403345.html,"Hughes Network Systems, Bharti Airtel form JV to offer satellite broadband services in India","HCIPL, a majority-owned subsidiary of Hughes Network Systems, and Bharti Airtel announced a joint venture to offer satellite broadband services in India.",published on : 5th January 2022
https://images.newindianexpress.com/uploads/user/imagelibrary/logo/nie_logo_600X390.jpg,https://www.newindianexpress.com/cities/bhubaneswar/2022/jan/05/bhubaneswar-development-authorityto-take-up-45-town-planning-projects-along-capital-ring-road-2403289.html,Bhubaneswar Development Authority to take up 45 Town Planning projects along Capital ring road,"It has been planned to pull around 1,600 acres of land to accommodate 1.50 lakh people with basic urban amenities. ",published on : 5th January 2022
https://images.newindianexpress.com/uploads/user/imagelibrary/logo/nie_logo_600X390.jpg,https://www.newindianexpress.com/cities/bengaluru/2022/jan/05/old-airport-road-project-ready-by-march-2403136.html,Old Airport Road project ready by March,"The Rs 19.5-crore project running to a length of nearly 17.5km involves construction of underpasses at Kundalahalli, Wind Tunnel Road and Suranjan Das Road.",published on : 5th January 2022
https://images.newindianexpress.com/uploads/user/imagelibrary/logo/nie_logo_600X390.jpg,https://www.newindianexpress.com/cities/chennai/2022/jan/05/departments-trade-blame-as-road-caves-in-again-2403178.html,Departments trade blame as road caves in again,"Being a busy bus route, commuters are finding it difficult to cross the area. “The past two cave-ins were reported on the other end of the road, which is slightly broader.",published on : 5th January 2022
https://images.newindianexpress.com/uploads/user/imagelibrary/logo/nie_logo_600X390.jpg,https://www.newindianexpress.com/states/karnataka/2022/jan/05/three-day-chintan-baithak-to-lay-out-roadmap-for-bjp-in-karnataka-2403144.html,Three-day Chintan Baithak to lay out roadmap for BJP in Karnataka,"The Baithak is crucial in the wake of the party’s poor performance in the recently held polls, including to the Council and some urban local bodies, in which its vote share saw a decline.",published on : 5th January 2022
https://images.newindianexpress.com/uploads/user/imagelibrary/logo/nie_logo_600X390.jpg,https://www.newindianexpress.com/states/karnataka/2022/jan/05/unravelling-secrets-of-good-quality-roads-for-our-cities-2403145.html,Unravelling ‘secrets’ of good quality roads for our cities,All these roads are constructed using cement concrete for long life without sacrificing on quality in construction and supervision.,published on : 5th January 2022
https://images.newindianexpress.com/uploads/user/imagelibrary/logo/nie_logo_600X390.jpg,https://www.newindianexpress.com/nation/2022/jan/04/roads-being-built-in-uttarakhand-will-open-its-doors-to-prosperity-union-minister-nitin-gadkari-2403033.html,Roads being built in Uttarakhand will open its doors to prosperity: Union Minister Nitin Gadkari,"Gadkari said that after he became the minister of road transport and highways, he decided to change the face of Uttarakhand with projects worth Rs 2 lakh crore for the state.",published on : 4th January 2022
https://images.newindianexpress.com/uploads/user/imagelibrary/logo/nie_logo_600X390.jpg,https://www.newindianexpress.com/cities/hyderabad/2022/jan/03/45-year-old-injured-in-hyderabad-road-mishap-2402426.html,45-year-old injured in Hyderabad road mishap,"A day after the Shaikpet flyover was opened to the public, a housekeeping worker was injured in a hit-and-run case in Tolichowki police station limits on Sunday morning.",published on : 3rd January 2022
https://images.newindianexpress.com/uploads/user/imagelibrary/logo/nie_logo_600X390.jpg,https://www.newindianexpress.com/states/telangana/2022/jan/03/telangana-road-transport-bodyto-run-4300sankranti-specials-but-no-extra-charges-2402417.html,"Telangana road transport body to run 4,300 Sankranti specials, but no extra charges",The corporation is expecting to help around 16 lakh people reach their destinations during the Sankranti holidays.,published on : 3rd January 2022
https://images.newindianexpress.com/uploads/user/imagelibrary/logo/nie_logo_600X390.jpg,https://www.newindianexpress.com/cities/chennai/2022/jan/03/pitch-dark-pallavaram-thoraipakkam-radial-road-in-chennai-is-nightmare-for-commuters-2402459.html,Pitch dark Pallavaram-Thoraipakkam radial road in Chennai is nightmare for commuters,"Expansion works on the Pallavaram-Thoraipakkam radial road have come at a heavy cost. The damage caused to the street lights and other utilities, remain unattended for at least a year. ",published on : 3rd January 2022
https://images.newindianexpress.com/uploads/user/imagelibrary/logo/nie_logo_600X390.jpg,https://www.newindianexpress.com/cities/thiruvananthapuram/2022/jan/03/thiruvananthapuram-land-acquisition-hurdles-hit-kodinada-vazhimukku-road-development-2402388.html,Thiruvananthapuram: Land acquisition hurdles hit Kodinada-Vazhimukku road development,"Action council, which launched stir against the delay in project implementation, demands that govt intervene and ensure speedy completion of land acquisition",published on : 3rd January 2022
https://images.newindianexpress.com/uploads/user/imagelibrary/logo/nie_logo_600X390.jpg,https://www.newindianexpress.com/nation/2022/jan/02/assam-awaits-centres-clearance-for-35-km-long-elevated-road-via-kaziranga-national-park-2402322.html,Assam awaits Centre’s clearance for 35-km long elevated road via Kaziranga National Park,"Earlier, the state government had submitted an alignment report for a two-lane but the ministry suggested a 4-lane project given the increase in road traffic and looking at the future.",published on : 2nd January 2022
https://images.newindianexpress.com/uploads/user/imagelibrary/logo/nie_logo_600X390.jpg,https://www.newindianexpress.com/states/tamil-nadu/2022/jan/02/govt-firm-builds-illegal-road-in-kosasthalaiyar-2402147.html,Govt firm builds ‘illegal’ road in Kosasthalaiyar,"According to CRZ rules, the area must be restored to its original shape after the completion of construction. ",published on : 2nd January 2022
https://images.newindianexpress.com/uploads/user/imagelibrary/logo/nie_logo_600X390.jpg,https://www.newindianexpress.com/good-news/2022/jan/02/two-tn-youth-set-up-roadside-eatery-to-make-ends-meetnursedream-of-civil-services-2402152.html,"Two TN youth set up roadside eatery to fund their education, nurse dream of civil services","Two youngsters chase their dream of becoming IAS  officers, thanks to the ‘thattu vadai’ in their roadside stall",published on : 2nd January 2022
https://images.newindianexpress.com/uploads/user/imagelibrary/logo/nie_logo_600X390.jpg,https://www.newindianexpress.com/states/andhra-pradesh/2022/jan/02/three-killed-one-injured-in-vizag-road-accidenton-new-years-day-2402212.html,"Three killed, one injured in Vizag road accident on New Year’s Day","The deceased were identified as Rakesh, Rambabu from Vivekananda Nagar, Arilova and Nitish from Pydimamba Colony, Vepagunta, all aged around 21 to 25 years.",published on : 2nd January 2022
https://images.newindianexpress.com/uploads/user/imagelibrary/logo/nie_logo_600X390.jpg,https://www.newindianexpress.com/cities/bengaluru/2021/dec/31/nice-delaying-bangalore-metro-project-by-not-permitting-road-access-for-nagasandra-madavara-line-bmrcl-2401749.html,NICE delaying Bangalore Metro project by not permitting road access for Nagasandra-Madavara Line: BMRCL ,The way forward to solve the impasse was for BMRCL to hold a meeting with NICE.,published on : 31st December 2021
https://images.newindianexpress.com/uploads/user/imagelibrary/logo/nie_logo_600X390.jpg,https://www.newindianexpress.com/nation/2021/dec/31/chennai-rains-heres-the-list-of-roads-subways-to-avoid-on-december-31-2401645.html,"Chennai rains: Here's the list of roads, subways to avoid on December 31",The police have urged the motorists to choose the roads wisely and drive carefully.,published on : 31st December 2021
https://images.newindianexpress.com/uploads/user/imagelibrary/logo/nie_logo_600X390.jpg,https://www.newindianexpress.com/cities/bengaluru/2021/dec/31/bengaluru-traffic-cops-have-eye-on-road-to-track-unpaid-fines-2401460.html,Bengaluru traffic cops have eye on road to track unpaid fines,"Within minutes, the traffic police at the next signal would then be able to apprehend the offender. ",published on : 31st December 2021
https://images.newindianexpress.com/uploads/user/imagelibrary/logo/nie_logo_600X390.jpg,https://www.newindianexpress.com/states/kerala/2021/dec/31/silverline-success-depends-on-not-developing-roads-other-railway-lines-in-kerala-2401433.html,"SilverLine success depends on not developing roads, other railway lines in Kerala","This is like protecting interests of affluent people by rejecting commoners’ rights, say activists",published on : 31st December 2021
https://images.newindianexpress.com/uploads/user/imagelibrary/logo/nie_logo_600X390.jpg,https://www.newindianexpress.com/world/2021/dec/31/roadside-bomb-kills-4-wounds-15-in-southwestern-pakistan-2401405.html,"Roadside bomb kills 4, wounds 15 in southwestern Pakistan","The attack happened outside the Science College in Quetta, the capital of Baluchistan province.",published on : 31st December 2021
https://images.newindianexpress.com/uploads/user/imagelibrary/logo/nie_logo_600X390.jpg,https://www.newindianexpress.com/world/2021/dec/30/china-accused-of-targeting-uyghurs-living-abroad-2401330.html,China accused of  targeting Uyghurs living abroad,"The international community has been actively raising their concerns regarding the ""genocide"" of Uyghur Muslims in Xinjiang.",published on : 30th December 2021
https://images.newindianexpress.com/uploads/user/imagelibrary/logo/nie_logo_600X390.jpg,https://www.newindianexpress.com/business/2021/dec/30/welcome-2022-road-sector-set-for-better-days-with-more-highway-stretches-new-projects-2401313.html,"Welcome 2022: Road sector set for 'better' days with more highway stretches, new projects","As part of bolstering infrastructure in the country, which aims to become a USD 5 trillion economy in the coming times, building high quality roads and ensuring smooth connectivity is a key priority.",published on : 30th December 2021
https://images.newindianexpress.com/uploads/user/imagelibrary/logo/nie_logo_600X390.jpg,https://www.newindianexpress.com/cities/bengaluru/2021/dec/30/if-active-mobility-bill-okayed-pedestrians-cyclists-to-have-safe-space-on-bengaluru-roads-2401104.html,"If Active Mobility Bill okayed, pedestrians, cyclists to have safe space on Bengaluru roads","Officials said this is the first time in the country that a mobility plan is being proposed especially for Bengaluru, where traffic management is a major challenge.",published on : 30th December 2021
https://images.newindianexpress.com/uploads/user/imagelibrary/logo/nie_logo_600X390.jpg,https://www.newindianexpress.com/states/karnataka/2021/dec/30/india-inc-builds-digital-muscle-but-needs-detailed-roadmaps-2401128.html,"India Inc builds digital muscle, but needs detailed roadmaps","Unexpected, unexampled, out of the ordinary -- there’s no overstating how the last 18 months have jostled our lives and inflated the role of technology.",published on : 30th December 2021
https://images.newindianexpress.com/uploads/user/imagelibrary/logo/nie_logo_600X390.jpg,https://www.newindianexpress.com/entertainment/english/2021/dec/29/hugh-jackman-tests-covid-positive-cancels-performance-in-broadway-musical-2400957.html,"Hugh Jackman tests Covid positive, cancels performance in Broadway musical",The actor took to his Twitter account and shared a video notifying his fans and associates about his health status.,published on : 29th December 2021
https://images.newindianexpress.com/uploads/user/imagelibrary/logo/nie_logo_600X390.jpg,https://www.newindianexpress.com/world/2021/dec/29/five-slashed-bodies-found-on-roadside-in-southern-mexico-2400953.html,Five slashed bodies found on roadside in southern Mexico,"The state prosecutors office said all the men had knife wounds on their faces and necks, suggesting their throats had been cut.",published on : 29th December 2021
https://images.newindianexpress.com/uploads/user/imagelibrary/logo/nie_logo_600X390.jpg,https://www.newindianexpress.com/cities/hyderabad/2021/dec/29/hyderabad-toddler-dies-after-cab-crashes-into-bus-at-tank-bund-road-2400891.html,Hyderabad: Toddler dies after cab crashes into bus at Tank Bund Road,"Police said that the couple were travelling in a cab which crashed head-on into a private bus coming from the opposite direction, leading to the accident.",published on : 29th December 2021
https://images.newindianexpress.com/uploads/user/imagelibrary/logo/nie_logo_600X390.jpg,https://www.newindianexpress.com/entertainment/english/2021/dec/29/hugh-jackman-tests-positive-for-covid-19-cancels-broadway-performances-2400888.html,"Hugh Jackman tests positive for COVID-19, cancels Broadway performances",Jackman tested positive after his co-star Sutton Foster came down with the coronavirus last week and was replaced by an understudy. Foster will return on January 2.,published on : 29th December 2021
https://images.newindianexpress.com/uploads/user/imagelibrary/logo/nie_logo_600X390.jpg,https://www.newindianexpress.com/sport/other/2021/dec/29/changing-room-road-ahead-for-indian-athletes-2400841.html,"Changing room: Road ahead for Indian athletes
 ","A record medal haul at Tokyo Olympics has given India a fillip and with athletes getting adequate support, Indraneel Das looks at the road ahead",published on : 29th December 2021
https://images.newindianexpress.com/uploads/user/imagelibrary/logo/nie_logo_600X390.jpg,https://www.newindianexpress.com/sport/other/2021/dec/29/john-madden-hall-of-fame-coach-and-broadcaster-dies-at-85-2400878.html,"John Madden, Hall of Fame coach and broadcaster, dies at 85","The NFL said he died unexpectedly and did not detail a cause. John is survived by his wife, Virginia, and two sons Joseph and Michael.",published on : 29th December 2021
https://images.newindianexpress.com/uploads/user/imagelibrary/logo/nie_logo_600X390.jpg,https://www.newindianexpress.com/cities/kochi/2021/dec/29/kizhakkambalam-nellad-road-awaits-redemption-2400683.html,Kizhakkambalam-Nellad road awaits redemption,"For years, the Kizhakkambalam- Nellad stretch along the Muvattupuzha to Ernakulam road has been in a dilapidated condition.",published on : 29th December 2021
https://images.newindianexpress.com/uploads/user/imagelibrary/logo/nie_logo_600X390.jpg,https://www.newindianexpress.com/cities/bengaluru/2021/dec/29/night-curfew-cops-take-over-bengaluru-roads-2400723.html,Night curfew: Cops take over Bengaluru roads,"People hurry home before 10pm, police barricade roads, issue warnings, shut flyovers",published on : 29th December 2021
https://images.newindianexpress.com/uploads/user/imagelibrary/logo/nie_logo_600X390.jpg,https://www.newindianexpress.com/cities/chennai/2021/dec/29/arterial-roads-off-limits-for-revelers-on-dec-31-2400777.html,Arterial roads off limits for revelers on Dec 31 in Chennai,"A senior police officer said pubs and resto bars will be allowed to operate as permitted, but should not hold midnight parties.",published on : 29th December 2021
https://images.newindianexpress.com/uploads/user/imagelibrary/logo/nie_logo_600X390.jpg,https://www.newindianexpress.com/business/2021/dec/29/tough-road-ahead-for-film-industry-as-delhi-shuts-down-theatres-due-to-omicron-2400837.html,Tough road ahead for film industry as Delhi shuts down theatres due to Omicron,Delhi’s decision to close cinemas couldn’t have come at a more worrying time for multiplex owners as very recently they have started witnessing a surge in ticket bookings. ,published on : 29th December 2021
https://images.newindianexpress.com/uploads/user/imagelibrary/logo/nie_logo_600X390.jpg,https://www.newindianexpress.com/states/kerala/2021/dec/28/keralasfirst-musical-stair-at-ernakulam-mg-road-metro-station-2400647.html,Kerala's first musical stair at Ernakulam MG Road Metro Station,The state's first musical stair is painted in such a manner that all the notes are seen where people can dance on the stairs to produce music.,published on : 28th December 2021
https://images.newindianexpress.com/uploads/user/imagelibrary/logo/nie_logo_600X390.jpg,https://www.newindianexpress.com/states/kerala/2021/dec/28/road-accidentsin-keralas-kollam-leave-four-fishermen-dead-two-injured-2400529.html,"Road accidents in Kerala's Kollam leave four fishermen dead, two injured","In the early hours of Tuesday, two separate road accidents led to the death of four fishermen and two Tamil Nadu residents in Kollam.",published on : 28th December 2021
https://images.newindianexpress.com/uploads/user/imagelibrary/logo/nie_logo_600X390.jpg,https://www.newindianexpress.com/cities/thiruvananthapuram/2021/dec/28/althara-attakulangara-road-development-likely-to-kick-off-in-four-months-2400356.html,Althara-Attakulangara road development likely to kick off in four months,The seven-kilometre road will get a major facelift with white topping using concrete and streetlights on the median. The cables will be laid underground.,published on : 28th December 2021
https://images.newindianexpress.com/uploads/user/imagelibrary/logo/nie_logo_600X390.jpg,https://www.newindianexpress.com/cities/bengaluru/2021/dec/28/all-for-the-road-2400315.html,All for the road,"Dr Pramod Chinder, a bone cancer surgeon, is not just an avid biker but is also part of various biking groups which often takes off on trips to offbeat places",published on : 28th December 2021
https://images.newindianexpress.com/uploads/user/imagelibrary/logo/nie_logo_600X390.jpg,https://www.newindianexpress.com/states/karnataka/2021/dec/28/belagavi-locals-elated-as-goa-gives-nod-to-develop-portuguese-era-road-2400427.html,Belagavi locals elated as Goa gives nod to develop Portuguese-era road,“Villagers of Kankumbi and Parwad go to Goa via Satre for paddy cultivation. They are more dependent on Goa for their source of income.,published on : 28th December 2021
https://images.newindianexpress.com/uploads/user/imagelibrary/logo/nie_logo_600X390.jpg,https://www.newindianexpress.com/states/andhra-pradesh/2021/dec/27/two-die-in-separate-road-accidents-in-east-godavari-2400133.html,Two die in separate road accidents in East Godavari,"According to Kadiyam police, the deceased, identified as K Nageswara Rao, belonged to Kadiyapulanka. ",published on : 27th December 2021
https://images.newindianexpress.com/uploads/user/imagelibrary/logo/nie_logo_600X390.jpg,https://www.newindianexpress.com/cities/chennai/2021/dec/27/coming-soon-a-dedicated-12-km-cycling-lane-on-chennais-east-coast-road-2400059.html,Coming soon: A dedicated 12-km cycling lane on Chennai's East Coast Road,"On the orders of the City Police Commissioner Shankar Jiwal, the cycle path has been demarcated for people in and around Adyar.",published on : 27th December 2021
https://images.newindianexpress.com/uploads/user/imagelibrary/logo/nie_logo_600X390.jpg,https://www.newindianexpress.com/cities/bengaluru/2021/dec/27/staff-shortage-reason-for-delay-in-road-work-bengaluru-mahanagara-palike-2400031.html,Staff shortage reason for delay in road work: Bengaluru Mahanagara Palike,"According to BBMP officials, there is a 40-50 per cent staff crunch, which is why several projects are delayed.",published on : 27th December 2021
https://images.newindianexpress.com/uploads/user/imagelibrary/logo/nie_logo_600X390.jpg,https://www.newindianexpress.com/cities/bengaluru/2021/dec/27/bengalurus-anchepalya-metro-row-nears-solution-as-road-plan-okayed-2400030.html,Bengaluru's Anchepalya metro row nears solution as road plan okayed ,Anchepalya residents had demanded a realignment of the line for a Metro station closer to their area and often obstructed work.,published on : 27th December 2021
https://images.newindianexpress.com/uploads/user/imagelibrary/logo/nie_logo_600X390.jpg,https://www.newindianexpress.com/cities/bengaluru/2021/dec/27/cctvs-to-keep-a-watch-on-bengalurus-mg-road-2400029.html,"CCTVs to keep a watch on Bengaluru's MG Road
 ","In addition, barricades and checkposts will be stationed at various areas around MG Road and Brigade Road.",published on : 27th December 2021
https://images.newindianexpress.com/uploads/user/imagelibrary/logo/nie_logo_600X390.jpg,https://www.newindianexpress.com/states/tamil-nadu/2021/dec/26/tirunelveli-division-tnstc-drivers-paying-for-bad-roads-2399823.html,Tirunelveli division TNSTC drivers paying for bad roads?,"Regarding the request for better tyres, senior officials in the TNSTC said they will look into the issue.",published on : 26th December 2021
https://images.newindianexpress.com/uploads/user/imagelibrary/logo/nie_logo_600X390.jpg,https://www.newindianexpress.com/states/andhra-pradesh/2021/dec/26/tirumala-tirupati-devasthanam-eo-asks-officials-to-speed-up-ghat-road-restoration-works-2399861.html,Tirumala Tirupati Devasthanam EO asks officials to speed up ghat road restoration works ,TTD executive officer Dr KS Jawahar Reddy said that the restoration works for ghat roads and Srivari Mettu should be completed soon to avoid traffic woes of pilgrims.,published on : 26th December 2021
https://images.newindianexpress.com/uploads/user/imagelibrary/logo/nie_logo_600X390.jpg,https://www.newindianexpress.com/states/andhra-pradesh/2021/dec/26/at-agraharam-road-in-andhra-pradeshs-guntur-gets-rs-11-crore-for-extension-2399851.html,AT Agraharam Road in Andhra Pradesh's Guntur gets Rs 11 crore for extension,"Under the instructions of Guntur Mayor, every corporator is regularly visiting their respective wards to identify the issues at the ground-level and interact with the people.",published on : 26th December 2021
https://images.newindianexpress.com/uploads/user/imagelibrary/logo/nie_logo_600X390.jpg,https://www.newindianexpress.com/world/2021/dec/25/worlds-first-dual-mode-vehicle-that-can-run-on-roads-and-tracks-introduced-in-japan-2399668.html,Japan introduces world's first dual-mode vehicle that can run on roads and tracks,The DMV can carry upto 21 passengers and runs at a speed of 60km/h on rail tracks and can go as fast as around 100km/h on public roads.,published on : 25th December 2021
https://images.newindianexpress.com/uploads/user/imagelibrary/logo/nie_logo_600X390.jpg,https://www.newindianexpress.com/cities/thiruvananthapuram/2021/dec/25/airport-shankumugham-road-work-to-be-over-by-marchmuhammad-riyas-2399416.html,Airport-Shankumugham road work to be over by March: Muhammad Riyas,"The beach and road along the Shankhumukham coast have been devastated by continuous sea swells, floods and Typhoon Taukte since 2018.  ",published on : 25th December 2021
https://images.newindianexpress.com/uploads/user/imagelibrary/logo/nie_logo_600X390.jpg,https://www.newindianexpress.com/cities/kochi/2021/dec/25/broadway-comes-alive-2399364.html,Broadway comes alive,"Ernakulam’s Broadway Market is lit up with shopping spirit and mad-dash hunts. Despite Omicron threat looming large, most shop owners claim this year’s business to be better than that of 2021",published on : 25th December 2021
https://images.newindianexpress.com/uploads/user/imagelibrary/logo/nie_logo_600X390.jpg,https://www.newindianexpress.com/states/telangana/2021/dec/24/locals-cops-clash-over-road-works-near-gouravelli-project-in-telanganas-siddipet-2399074.html,"Locals, cops clash over road works near Gouravelli project in Telangana's Siddipet",The locals have been refusing to vacate the village stating that the authorities were not providing fair compensation to them.,published on : 24th December 2021
https://images.newindianexpress.com/uploads/user/imagelibrary/logo/nie_logo_600X390.jpg,https://www.newindianexpress.com/states/telangana/2021/dec/24/respect-telugus-in-india-and-abroad-says-cji-2399075.html,"Respect Telugus in India and abroad, says CJI ","Justice Ramana’s wholesome praise for perseverance of Ellas, fortitude of Ayyanna Ramineni’s children and others",published on : 24th December 2021
https://images.newindianexpress.com/uploads/user/imagelibrary/logo/nie_logo_600X390.jpg,https://www.newindianexpress.com/states/odisha/2021/dec/24/road-fatalities-rise-by-21-per-cent-in-odisha-2399174.html,Road fatalities rise by 21 per cent in Odisha,There has been an abnormal increase in fatalities by about 16 per cent from January to September this year exposing the shoddy enforcement measures.,published on : 24th December 2021
https://images.newindianexpress.com/uploads/user/imagelibrary/logo/nie_logo_600X390.jpg,https://www.newindianexpress.com/cities/chennai/2021/dec/23/the-road-togaana-sabha-2398608.html,The road to gaana sabha,"Gaana artistes — Muniyammal, Julie Kumar and Gaana Balachander — talk about their  art, the long tumultuous journeys within it, and their place in the world today, ahead of Margazhi Makkal Isai ",published on : 23rd December 2021
https://images.newindianexpress.com/uploads/user/imagelibrary/logo/nie_logo_600X390.jpg,https://www.newindianexpress.com/states/tamil-nadu/2021/dec/22/potholed-road-near-yercaud-foothills-puts-motorists-pedestrians-in-peril-2398449.html,"Potholed road near Yercaud foothills puts motorists, pedestrians in peril","The road to the zoological park from Gorimedu, a seven-kilometre stretch, is severely damaged and has not been re-laid for over two years. ",published on : 22nd December 2021
https://images.newindianexpress.com/uploads/user/imagelibrary/logo/nie_logo_600X390.jpg,https://www.newindianexpress.com/states/tamil-nadu/2021/dec/22/road-laid-but-left-unfinished-owing-to-caste-discrimination-allege-scheduled-community-residents-i-2398448.html,"Road laid, but left unfinished owing to caste discrimination, allege Scheduled Community residents in Ariyalur village","The members of the community, including Narikuravas and Arundhathiyars, raised the issue with the Kuzhumur panchayat president and the road contractor, but no action was claimed to have been taken.",published on : 22nd December 2021
https://images.newindianexpress.com/uploads/user/imagelibrary/logo/nie_logo_600X390.jpg,https://www.newindianexpress.com/states/karnataka/2021/dec/22/bommai-explains-why-bengaluru-roads-are-not-free-of-potholes-2398348.html,Bommai explains why Bengaluru roads are not free of potholes  ,"He asked Chief Minister Basavaraj Bommai how out of 11,283 km of roads in the city, not even one kilometre is free of potholes.",published on : 22nd December 2021
https://images.newindianexpress.com/uploads/user/imagelibrary/logo/nie_logo_600X390.jpg,https://www.newindianexpress.com/states/karnataka/2021/dec/21/180-died-in-accidents-in-ballari-in-2021-mining-lorries-bad-roads-to-blame-2398215.html,"180 died in accidents in Ballari in 2021, mining lorries, bad roads to blame","Nearly 5,000 trucks move in these districts carrying mining produce. The movement of heavy vehicles has also damaged the road condition causing further accidents.",published on : 21st December 2021
https://images.newindianexpress.com/uploads/user/imagelibrary/logo/nie_logo_600X390.jpg,https://www.newindianexpress.com/nation/2021/dec/21/information-and-broadcastingministry-orders-blocking-of-20-anti-india-youtube-channels-two-website-2398129.html,"Information and broadcasting ministry orders blocking of 20 anti-India YouTube channels, two websites","On Monday, the ministry issued two orders, one directing video sharing platform YouTube to block the 20 channels and the other, for blocking of the news websites.",published on : 21st December 2021
https://images.newindianexpress.com/uploads/user/imagelibrary/logo/nie_logo_600X390.jpg,https://www.newindianexpress.com/states/tamil-nadu/2021/dec/21/pwd-to-re-lay-65-km-road-leading-to-butterfly-park-2398033.html,PWD to re-lay 6.5-km road leading to Butterfly Park,"The Butterfly Park is one of the top tourist destinations in the city. Despite receiving good footfall, it has had issues when it comes to having proper roads.",published on : 21st December 2021
https://images.newindianexpress.com/uploads/user/imagelibrary/logo/nie_logo_600X390.jpg,https://www.newindianexpress.com/cities/hyderabad/2021/dec/21/maud-minister-kt-rama-rao-tweets-list-of-closed-secunderabad-roads-to-kishan-reddy-2397902.html,MAUD Minister KT Rama Rao tweets list of closed Secunderabad roads to Kishan Reddy ,"Rama Rao asked Kishan Reddy to reopen the roads, keeping public issues in mind.",published on : 21st December 2021
https://images.newindianexpress.com/uploads/user/imagelibrary/logo/nie_logo_600X390.jpg,https://www.newindianexpress.com/sport/other/2021/dec/21/neeraj-to-remain-abroad-till-worlds-2397992.html,Neeraj Chopra to remain abroad till Worlds,AFI chief says Olympic champion will train and compete overseas to avoid travel risk,published on : 21st December 2021
https://images.newindianexpress.com/uploads/user/imagelibrary/logo/nie_logo_600X390.jpg,https://www.newindianexpress.com/states/andhra-pradesh/2021/dec/21/2-women-killed-in-road-accident-2397968.html,2 women killed in road accident,Two women were killed and seven others were injured after the auto-rickshaw in which they were travelling was hit by an unidentified vehicle on NH-16 at Yedlapadu.,published on : 21st December 2021
https://images.newindianexpress.com/uploads/user/imagelibrary/logo/nie_logo_600X390.jpg,https://www.newindianexpress.com/cities/bengaluru/2021/dec/21/it-will-be-a-silent-new-yearseve-on-bengalurus-brigade-road-2397880.html,It will be a silent New Year's Eve on Bengaluru's Brigade Road,"Move in the wake of Omicron scare, third wave; Shops to shut 1-2 hrs earlier than usual time to keep check on crowd  ",published on : 21st December 2021
https://images.newindianexpress.com/uploads/user/imagelibrary/logo/nie_logo_600X390.jpg,https://www.newindianexpress.com/cities/bengaluru/2021/dec/21/on-the-road-to-success-2397840.html,On the road to success,Medical professional on weekdays and biker on weekends...here’s how this doctor stays positive during these hard times,published on : 21st December 2021
https://images.newindianexpress.com/uploads/user/imagelibrary/logo/nie_logo_600X390.jpg,https://www.newindianexpress.com/states/tamil-nadu/2021/dec/21/migrant-workers-abroad-must-get-insurance-ngo-2397945.html,Migrant workers abroad must get insurance: NGO,"In the absence of insurance for the migrant workers, many of who died in the destination countries, their remains could not be brought to the State.",published on : 21st December 2021
https://images.newindianexpress.com/uploads/user/imagelibrary/logo/nie_logo_600X390.jpg,https://www.newindianexpress.com/nation/2021/dec/20/up-roads-will-soon-vie-with-those-of-usunder-its-double-engine-growth-gadkari-2397775.html,UP roads will soon vie with those of US under its 'double-engine' growth: Gadkari,"The Union Minister of Road Transport and Highways made the assertion while laying foundation stones for three national highway projects worth Rs 1,123 crore in Jaunpur.",published on : 20th December 2021
https://images.newindianexpress.com/uploads/user/imagelibrary/logo/nie_logo_600X390.jpg,https://www.newindianexpress.com/nation/2021/dec/20/i-will-make-it-happenhellip-i-dont-lie-gadkari-says-up-will-see-roads-worth-rs-5-lakh-crore-2397747.html,'I will make it happen… I don’t lie': Gadkari says UP will see roads worth Rs 5 lakh crore ,"The Union Minister for Surface Transport praised Yogi for action on mafia, urged people to back UP CM for the second term",published on : 20th December 2021
https://images.newindianexpress.com/uploads/user/imagelibrary/logo/nie_logo_600X390.jpg,https://www.newindianexpress.com/states/tamil-nadu/2021/dec/20/dilapidated-tiruchy-dindigul-highway-stretch-proposed-for-upgrade-as-model-road-2397632.html,Dilapidated Tiruchy-Dindigul highway stretch proposed for upgrade as model road,"Housing hundreds of residential colonies and educational institutions, the stretch between Aristo roundabout and Cholan Nagar is a one of the major arterial roads in Tiruchy city.",published on : 20th December 2021
https://images.newindianexpress.com/uploads/user/imagelibrary/logo/nie_logo_600X390.jpg,https://www.newindianexpress.com/nation/2021/dec/20/ahead-of-punjab-polls-all-roads-lead-to-deras-2397576.html,"Ahead of Punjab polls, all roads lead to deras","Ahead of Assembly polls, leaders of all political parties in Punjab are knocking on the doors of Deras.",published on : 20th December 2021
https://images.newindianexpress.com/uploads/user/imagelibrary/logo/nie_logo_600X390.jpg,https://www.newindianexpress.com/states/andhra-pradesh/2021/dec/20/mother-daughter-killed-in-road-accident-2397536.html,"Mother, daughter killed in road accident","The victims were identified as Sk Sazida and her daughter Sheena Gouse, residents of Moghal Cheruvu in the town.",published on : 20th December 2021
https://images.newindianexpress.com/uploads/user/imagelibrary/logo/nie_logo_600X390.jpg,https://www.newindianexpress.com/cities/bengaluru/2021/dec/20/smog-hugs-bengaluru-thanks-to-dust-from-roads-2397535.html,"Smog hugs Bengaluru, thanks to dust from roads","A senior BBMP official said that since most of the roads are potholed or cut open, mechanical sweepers cannot be used.",published on : 20th December 2021
https://images.newindianexpress.com/uploads/user/imagelibrary/logo/nie_logo_600X390.jpg,https://www.newindianexpress.com/states/kerala/2021/dec/20/keralasroad-transport-corporationto-distribute-salaries-to-staff-from-monday-2397495.html,Kerala's road transport corporation to distribute salaries to staff from Monday,KSRTC CMD Biju Prabhakar said the corporation suffered a huge setback ever since the employees began boycotting work from Friday.,published on : 20th December 2021
https://images.newindianexpress.com/uploads/user/imagelibrary/logo/nie_logo_600X390.jpg,https://www.newindianexpress.com/nation/2021/dec/19/maharashtra-minister-compares-roads-to-hema-malinis-cheeks-creates-row-2397407.html,"Maharashtra minister compares roads to Hema Malini's cheeks, creates row","The video of Patil's remarks, which he made recently while addressing an election meeting for the Bodhwad Nagar Panchayat polls in the district, has gone viral on social media.",published on : 19th December 2021
https://images.newindianexpress.com/uploads/user/imagelibrary/logo/nie_logo_600X390.jpg,https://www.newindianexpress.com/world/2021/dec/19/singapore-lays-out-road-map-to-improve-living-standards-of-migrant-workers-2397282.html,Singapore lays out road map to improve living standards of migrant workers ,"Singapore's construction and marine industries among other labour-intensive sectors are highly dependent on migrant workers, a large number of whom comes from India and Bangladesh.",published on : 19th December 2021
https://images.newindianexpress.com/uploads/user/imagelibrary/logo/nie_logo_600X390.jpg,https://www.newindianexpress.com/magazine/voices/2021/dec/19/roads-in-the-sky-2396337.html,Roads in the sky,"Breathless and phenomenal—the tech pace over 150 years. A trend line through the past pales in comparison to what is ahead. And, what a flood of cash backing it!",published on : 19th December 2021
https://images.newindianexpress.com/uploads/user/imagelibrary/logo/nie_logo_600X390.jpg,https://www.newindianexpress.com/states/tamil-nadu/2021/dec/19/tamil-nadu-chief-minister-mk-stalin-launches-scheme-to-cover-road-accident-victims-treatment-for-48-hours-2397226.html,Tamil Nadu Chief Minister MK Stalin launches scheme to cover road accident victims’ treatment for 48 hours,People can avail the benefits in 609 hospitals – 204 government hospitals and 405 private hospitals – across the State.,published on : 19th December 2021
https://images.newindianexpress.com/uploads/user/imagelibrary/logo/nie_logo_600X390.jpg,https://www.newindianexpress.com/entertainment/english/2021/dec/18/broadway-performances-for-michael-jackson-musical-mj-cancelled-till-post-christmas-2397071.html,Broadway performances for Michael Jackson musical 'MJ' cancelled till post Christmas,The 'MJ' announcement is the most far-reaching of the recent surge in Covid cancellations.,published on : 18th December 2021
https://images.newindianexpress.com/uploads/user/imagelibrary/logo/nie_logo_600X390.jpg,https://www.newindianexpress.com/states/telangana/2021/dec/18/six-persons-killedsix-others-injured-in-a-road-accident-in-telangana-2397044.html,"Six persons killed, six others injured in a road accident in Telangana

",The car in which pilgrims were returning after a Dargah visit crashed into the rear of a stationary lorry killing six persons.,published on : 18th December 2021
https://images.newindianexpress.com/uploads/user/imagelibrary/logo/nie_logo_600X390.jpg,https://www.newindianexpress.com/cities/bengaluru/2021/dec/18/wall-blocks-road-residents-forced-to-take-1-km-detour-2396781.html,"Wall blocks road, residents forced to take 1-km detour
 ","Among the many issues dogging Mudaliyar Layout in Kasavanahalli, is a wall allegedly encroaching a road and blocking residents from reaching Kasavanahalli Main Road.",published on : 18th December 2021
https://images.newindianexpress.com/uploads/user/imagelibrary/logo/nie_logo_600X390.jpg,https://www.newindianexpress.com/opinions/columns/2021/dec/18/a-political-coelacanth-at-the-crossroads-2396722.html,A political coelacanth at the crossroads,The Indian Union Muslim League is losing the ground beneath its feet and fringe elements like the Social Democratic Party of India are eating into it’s clout in Kerala.,published on : 18th December 2021
https://images.newindianexpress.com/uploads/user/imagelibrary/logo/nie_logo_600X390.jpg,https://www.newindianexpress.com/cities/delhi/2021/dec/17/delhi-woman-dragged-along-roadin-scooter-while-resisting-snatching-bid-2396697.html,Delhi: Woman dragged along road in scooter while resisting snatching bid,"Though the snatchers escaped at that moment, police after examining CCTV camera footage identified and apprehended one of them, a senior officer said.",published on : 17th December 2021
https://images.newindianexpress.com/uploads/user/imagelibrary/logo/nie_logo_600X390.jpg,https://www.newindianexpress.com/business/2021/dec/17/sensex-sinks-889-points-amid-broad-based-selloff-nifty-closes-below-17000-2396664.html,"Sensex sinks 889 points amid broad-based selloff; Nifty closes below 17,000","The 30-share index ended 889.40 points or 1.54 per cent lower at 57,011.74. Similarly, the NSE Nifty plunged 263.20 points or 1.53 per cent to 16,985.20.",published on : 17th December 2021
https://images.newindianexpress.com/uploads/user/imagelibrary/logo/nie_logo_600X390.jpg,https://www.newindianexpress.com/states/tamil-nadu/2021/dec/17/roads-inside-tiruchy-district-court-complex-in-appalling-state-for-years-urgent-action-sought-2396581.html,"Roads inside Tiruchy district court complex in appalling state for years, urgent action sought",The condition of roads inside the Tiruchy district court campus have long been crying for attention.,published on : 17th December 2021
https://images.newindianexpress.com/uploads/user/imagelibrary/logo/nie_logo_600X390.jpg,https://www.newindianexpress.com/states/tamil-nadu/2021/dec/17/family-slams-private-cement-factory-blocks-road-late-night-in-ariyalur-for-taking-away-pet-dog-2396575.html,"Family slams private cement factory, blocks road late night in Ariyalur for taking away pet dog","A man and his family members staged a road blockade on Wednesday night near Thamaraikulam, condemning a private cement factory for allegedly catching their pet dog and leaving it in the forest area.",published on : 17th December 2021
https://images.newindianexpress.com/uploads/user/imagelibrary/logo/nie_logo_600X390.jpg,https://www.newindianexpress.com/states/andhra-pradesh/2021/dec/17/ganja-smuggler-dies-in-road-mishap-at-visakhapatnam-2396461.html,Ganja 'smuggler' dies in road mishap at Visakhapatnam,A 23-year-old BTech student and his friend were involved in the accident on the BRTS Road at RR Venkatapuram in Pendurthi in the early hours of Thursday.,published on : 17th December 2021
https://images.newindianexpress.com/uploads/user/imagelibrary/logo/nie_logo_600X390.jpg,https://www.newindianexpress.com/states/andhra-pradesh/2021/dec/17/andhra-pradesh-tirumala-ghat-road-may-reopen-by-january-13-2396448.html,Andhra Pradesh: Tirumala ghat road may reopen by January 13,Vehicles to Tirumala are now being allowed through the link road connecting the up and down ghat roads.,published on : 17th December 2021
https://images.newindianexpress.com/uploads/user/imagelibrary/logo/nie_logo_600X390.jpg,https://www.newindianexpress.com/cities/chennai/2021/dec/17/road-in-chennais-west-mambalam-caves-in-again-2396460.html,Road in Chennai's West Mambalam caves in again,"For the second this week, a portion of Brindavan Street in West Mambalam caved in due to a leak in the underground sewage line.",published on : 17th December 2021
https://images.newindianexpress.com/uploads/user/imagelibrary/logo/nie_logo_600X390.jpg,https://www.newindianexpress.com/cities/bengaluru/2021/dec/17/bengaluru-fix-potholed-roads-demand-peenya-residents-2396421.html,"Bengaluru: Fix potholed roads, demand Peenya residents","The potholes in Peenya Industrial Area are a direct result of corruption in the BBMP, AAP Bengaluru vice-president B T Naganna has alleged.",published on : 17th December 2021
