,Datetime,Tweet Id,Text,Username
0,2021-05-12 11:25:43+00:00,1392440850626486273,"#HYDTPweBringAwareness Today Sri. Anjani Kumar, IPS., @CPHydCity  along with Sri. Dr. Anil Kumar, IPS., @AddlCPTrHyd Sri. D.S. Chauhan, IPS., @AddlCPLOHyd   and @DCPSZHyd displaying Placards at Charminar for awareness on #COVID19 precautions &amp; safety measures. #StayHomeStaySafe https://t.co/OrffPvbrGf",HYDTP
1,2021-04-29 12:00:10+00:00,1387738476343271424,"#HYDTPweBringAwareness 
Today Sri V. Sreenivasa Reddy, @acp_trf5
 along with @insptr_kachigud traffic police
 conducted awareness program at 6 No, Amberpet.
Please wear the mask in all public and work places for your safety and follow the Government #lockdown down guidelines. https://t.co/KfMHI9dMKo",HYDTP
2,2021-04-29 10:08:19+00:00,1387710330042605573,"#HYDTPweBringAwareness 
Today Sri B. Ramulu Naik, @acp_trf6 along with @insptr_charmina  conducted awareness program at Charminar.

Please wear the mask in all public and work places for your safety and follow the Government #lockdown down guidelines. @AddlCPTrHyd https://t.co/RfAJKgzp2g",HYDTP
3,2021-04-29 07:36:32+00:00,1387672130305724419,"#HYDTPweBringAwareness 
Today Sri. B. Koteshwar Rao, @acp_trf4 along with Asif Nagar Traffic Police conducted awareness program to wear Face masks &amp; maintain Physical distancing by displaying placards to avert the spread of #COVID19 at Mehdipatnam. 
@AddlCPTrHyd https://t.co/UwsBExN8wq",HYDTP
4,2021-04-25 03:08:59+00:00,1386155250357207040,"#HYDTPweBringAwareness
Falaknuma Traffic Police along with GHMC officials conducted an awareness program on wearing of #Mask to avert the spread of #COVID19 
@AddlCPTrHyd https://t.co/Oky2FWEJfD",HYDTP
5,2021-04-20 21:02:49+00:00,1384613549880889349,#HYDTPweBringAwareness #SupportNightCurfew https://t.co/kAPPvQc4kh,Syed_Naveed_Hyd
6,2021-04-20 09:40:51+00:00,1384441924354854912,"#HYDTPweBringAwareness #SupportNightCurfew 
HYDTP request citizens to follow and support the Night Curfew (9pm to 5am) from tonight to defeat the #COVIDSecondWaveInIndia  and save the fellow citizens.
@AddlCPTrHyd https://t.co/15Msx0i3Nc",HYDTP
7,2021-04-14 16:32:40+00:00,1382371235489669120,"#HYDTPweBringAwareness 
#Mask hai Mazak Nahi hai. 
Wear #Mask üò∑  covering Nose n Mouth &amp; @IndianStandards recommended Helmet ‚õë saves lives.
@AddlCPTrHyd https://t.co/aHkt0Bdl1M",HYDTP
8,2021-04-11 06:26:26+00:00,1381131508195368965,"#HYDTPweBringAwareness 
Charminar Traffic Police creating awareness to avert the spread of #COVID19 
@AddlCPTrHyd https://t.co/FjjunyenQU",HYDTP
9,2021-04-10 07:41:06+00:00,1380787912535465985,"#HYDTPweBringAwareness 
Today Malakpet Traffic Police conducted the #COVID19 awareness program at Nalgonda &amp; Azampura X Roads.
@AddlCPTrHyd https://t.co/JmIyckc83n",HYDTP
10,2021-04-10 07:30:40+00:00,1380785285387063298,"#HYDTPweBringAwareness 
Today Abids Traffic Police conducted the #COVID19 awareness program at Yousuf &amp; Co.
@AddlCPTrHyd https://t.co/nnpppZs3Dr",HYDTP
11,2021-04-09 18:24:26+00:00,1380587422249934850,"#HYDTPweBringAwareness 
Today Charminar Traffic Police conducted #COVID19 awareness program from Charminar monument to Gulzar House and also distributed Masks.
@AddlCPTrHyd https://t.co/V8lVRtz61p",HYDTP
12,2021-04-09 12:26:42+00:00,1380497396589731845,"#HYDTPweBringAwareness
Today @insptr_gopalap conducted #Covid_19 awareness program at Chilkalguda x roads. https://t.co/vXGkL5z395",HYDTP
13,2021-04-09 10:01:22+00:00,1380460823462600704,"#HYDTPweBringAwareness 

Today @insptr_sbzr traffic police conducted #covid_19 awareness program at Andhrabank koti and distributed masks. https://t.co/sFlHTQl73Y",HYDTP
14,2021-04-08 12:19:46+00:00,1380133262484365314,"#HYDTPweBringAwareness 
Today @insptr_gmahal traffic police conducted awareness program and also distributed masks at M J Market. https://t.co/rKtogOk4wN",HYDTP
15,2021-04-08 09:48:56+00:00,1380095305014648832,"#HYDTPweBringAwareness 
Today @insptr_bahadur conducted #Covid_19  awareness program with the auto drivers. https://t.co/TBbeZixokY",HYDTP
16,2021-04-07 12:57:36+00:00,1379780395483291655,"#HYDTPweBringAwareness 
Today @insptr_nampally  traffic police conducted awareness program near Railway station, Nampally. https://t.co/QsaNavS7Le",HYDTP
17,2021-04-07 06:04:38+00:00,1379676472705568768,"#HYDTPweBringAwareness 
Today insptr_srnagar traffic police conducted #Covid_19 citizen awareness program on world health day along  with Aster Prime Hospital staff and also distributed masks at, Mytrivanam. https://t.co/d0P98x0cOM",HYDTP
18,2021-04-05 09:02:33+00:00,1378996470842462209,"#HYDTPweBringAwareness 
Today @insptr_bahadurpur traffic police conducted awareness program at Petlaburj Maternity Hospital. https://t.co/N7jt4cT32s",HYDTP
19,2021-04-02 12:31:32+00:00,1377961897375375360,"HYDTPweBringAwareness 
Today BahadurpuraTraffic Police created awareness among auto drivers and to wear Face masks &amp; maintain Physical distancing by displaying placards to avert the spread of #COVID19 
@AddlCPTrHyd https://t.co/671ZPyxeOw",HYDTP
20,2021-04-02 08:36:33+00:00,1377902762172641280,"HYDTPweBringAwareness 
Today Nampally Traffic Police conducted awareness program regarding Nose mask &amp; maintaining physical distance at PCR junction. 
@AddlCPTrHyd https://t.co/XS7jNJZcSY",HYDTP
21,2021-04-01 13:13:13+00:00,1377609998738464776,"#HYDTPweBringAwareness 
Today Bahadurpura Traffic Police conducted awareness program regarding Nose mask &amp; maintaining physical distance and also distributed the Nose masks at Bahadurpura junction. 
@AddlCPTrHyd https://t.co/1Vf8am5RXZ",HYDTP
22,2021-04-01 12:52:51+00:00,1377604876293693441,"#HYDTPweBringAwareness 
Today South zone Traffic Police created awareness to wear Face masks &amp; maintain Physical distancing by displaying placards to avert the spread of #COVID19 in south zone limits.

@insptr_falaknum 
 
@AddlCPTrHyd https://t.co/AnK4IwhPc6",HYDTP
23,2021-03-31 13:06:49+00:00,1377246002478866439,"#HYDTPweBringAwareness 
Today Sri.Sreenivasa Reddy @acp_trf5 along with @insptr_kachigud  conducted awareness program regarding Nose mask &amp; maintaining physical distance and also distributed the Nose masks at 6 no junction. 
@AddlCPTrHyd https://t.co/RP67Fhe0zE",HYDTP
24,2021-03-31 12:54:09+00:00,1377242815130837000,"#HYDTPweBringAwareness 
@insptr_Saifabad  Today Saifabad Traffic Police created awareness to wear Face masks &amp; maintain @HYDTP @TelanganaCMO Physical distancing by displaying placards to avert the spread of #COVID19 at Necklace Rotary. @KTRTRS  @TelanganaDGP https://t.co/2OaL5hKoE6",JafferyAzmath
25,2021-03-31 12:36:21+00:00,1377238336348114952,"#HYDTPweBringAwareness

Today Sri. B. Ramulu Naik, @acp_trf6 along with Mirchowk Traffic Police created awareness to wear Nose masks &amp; maintain physical distance and also distributed the Nose masks among the commuters.
@AddlCPTrHyd https://t.co/NBOLIneity",HYDTP
26,2021-03-31 10:39:31+00:00,1377208930846171140,"#HYDTPweBringAwareness 
Today Trimulgherry Traffic Police conducted created awareness to wear Nose masks &amp; maintain physical distance and also distributed the Nose masks at Lalbazar chourasta. @insptr_trg https://t.co/JAffDy9r4b",HYDTP
27,2021-03-31 09:02:57+00:00,1377184630177062920,"#HYDTPweBringAwareness 
Today Bahadurpura Traffic Police created awareness to wear Face masks &amp; maintain Physical distancing by displaying placards to avert the spread of #COVID19 at Puranapool bridge. @insptr_bahadur 
@AddlCPTrHyd https://t.co/uSCAEXwI3j",HYDTP
28,2021-03-31 05:39:34+00:00,1377133447999672324,#HYDTPweBringAwareness that junction is adda for sharing autos and inconveniance for those who take turn at the junction. U clear them once in a while and they again stop there. Pl put up no parking boards near all junctions up to 1000ft,BabuVeerapaneni
29,2021-03-31 03:22:54+00:00,1377099053855465475,@HYDTP @AddlCPTrHyd Glad to see creating awareness in public on importance of face masks during this tough time and also I am wondering who should educate few of our brave elected politicians attending public meetings and programs WITHOUT Mask ü§≠#HYDTPweBringAwareness,HariMamidalaa
30,2021-03-30 18:29:33+00:00,1376964833992601600,"#HYDTPweBringAwareness
Today Sri. B. Ramulu Naik, @acp_trf6 along with Mirchowk Traffic Police created awareness to wear Nose masks &amp; maintain physical distance and also distributed the Nose masks among the commuters.
@AddlCPTrHyd https://t.co/cnEYzU8WTa",HYDTP
31,2021-03-30 18:22:29+00:00,1376963054928228354,"#HYDTPweBringAwareness 
Today Malakpet Traffic Police created awareness to wear Face masks &amp; maintain Physical distancing by displaying placards to avert the spread of #COVID19 at Dilsukhnagar.
@AddlCPTrHyd https://t.co/ctvo1OIULe",HYDTP
32,2021-03-30 18:19:12+00:00,1376962227563995137,"#HYDTPweBringAwareness 
Today Chikkadpally Traffic Police created awareness to wear Face masks &amp; maintain Physical distancing by displaying placards to avert the spread of #COVID19 at RTC X Roads.
@AddlCPTrHyd https://t.co/0QP0Hs6cyh",HYDTP
33,2021-03-30 18:15:39+00:00,1376961336148566016,"#HYDTPweBringAwareness 
Today Saifabad Traffic Police created awareness to wear Face masks &amp; maintain Physical distancing by displaying placards to avert the spread of #COVID19 at Necklace Rotary.
@AddlCPTrHyd https://t.co/6XXt8Ceqxo",HYDTP
34,2021-03-30 18:10:39+00:00,1376960075894431750,"#HYDTPweBringAwareness 
Today Asif Nagar Traffic Police created awareness to wear Face masks &amp; maintain Physical distancing by displaying placards to avert the spread of #COVID19 at Mehdipatnam.
@AddlCPTrHyd https://t.co/saoZgbPI6R",HYDTP
35,2021-03-30 18:06:16+00:00,1376958971550986242,"#HYDTPweBringAwareness 
Today Nampally Traffic Police created awareness to wear Face masks &amp; maintain Physical distancing by displaying placards to avert the spread of #COVID19 at PCR Jn.
@AddlCPTrHyd https://t.co/Y5Z8eu2it2",HYDTP
36,2021-03-30 18:01:23+00:00,1376957745794969602,"#HYDTPweBringAwareness 
Today Narayanguda Traffic Police created awareness to wear Face masks &amp; maintain Physical distancing to avert the spread of #COVID19 at Old MLA Qtrs.
@AddlCPTrHyd https://t.co/U40FnhqimU",HYDTP
37,2021-03-30 17:56:54+00:00,1376956616365416449,"#HYDTPweBringAwareness 
Today Marredpally Traffic Police created awareness to wear Face masks &amp; maintain Physical distancing by displaying placards to avert the spread of #COVID19 at JBS.
@AddlCPTrHyd https://t.co/7Md8uO5Jha",HYDTP
38,2021-03-30 17:52:12+00:00,1376955431055024128,"#HYDTPweBringAwareness 
Today Kachiguda Traffic Police created awareness to wear Face masks &amp; maintain Physical distancing to avert the spread of #COVID19 at 6 No. Jn.
@AddlCPTrHyd https://t.co/Vn4PUKxL3Z",HYDTP
39,2021-03-30 17:46:14+00:00,1376953932065333248,"#HYDTPweBringAwareness 
Today Bahadurpura Traffic Police created awareness to wear Face mask &amp; maintain Physical distancing to avert the spread of #COVID19 at #NehruZooPark
@AddlCPTrHyd https://t.co/qdX1616Oqs",HYDTP
40,2021-03-30 17:37:00+00:00,1376951606516707328,"#HYDTPweBringAwareness 
Today Trimulgherry Traffic Police created awareness to wear Face mask &amp; maintain Physical distancing by displaying placards to avert the spread of #COVID19 at Trimulgherry Chowrasta.
@AddlCPTrHyd https://t.co/Huymf0XfGl",HYDTP
41,2021-03-30 09:17:05+00:00,1376825799462899713,"#HYDTPweBringAwareness 
Today Jubilee Hills Traffic Police created awareness to wear Face masks &amp; maintain Physical distancing by displaying placards to avert the spread of #COVID19 at Jubilee Hills Check post.
Sri. T. Goverdhan, @acp_trf3 also participated.
@AddlCPTrHyd https://t.co/MY8g9li42L",HYDTP
42,2021-03-30 05:46:42+00:00,1376772853840769028,"#HYDTPweBringAwareness your cameras at junctions might record mostly the front vehicles, for seat belt / mask.. How about behind and, free left turn vehicles, mid line etc? How about vip vehicles. We see politicians /govt officials without or no full mask?",BabuVeerapaneni
43,2021-03-30 05:41:53+00:00,1376771641468854272,"#HYDTPweBringAwareness please reconsider penalty for No mask, if  passenger in back seat. If the windows are open at signals yes.. Mask to be there. If closed no penalty for driver and one back seat passenger. More than 2 as above.. YES make it compulsory",BabuVeerapaneni
44,2021-03-30 01:15:03+00:00,1376704493216235520,@HYDTP @AddlCPTrHyd @acp_trf6 @insptr_charmina @CYBTRAFFIC #HYDTPweBringAwareness please enlighten me.,Alilaila09
45,2021-03-29 20:28:13+00:00,1376632309248524289,"#TrafficUpdate : #TrafficSign violator #biker fled towards Suhail #hotels again wrong side in front of In &amp; Out, Nalgonda Cross Road, #Vijayawada #high way after being confronted.
If caught, punished #TrafficFarishtey #Traffic_Farishtey #HYDTPweBringAwareness wil winüéØ
@HCSC_Hyd https://t.co/TBcndWWYd9",MediaaKhalid
46,2021-03-29 20:04:52+00:00,1376626430579077120,"#HYDTPweBringAwareness #TrafficFarishtey 
3 bikers, 2 without No.plates jumped #Red #Signal @Nalgonda X Rd @12.45am endangered commuters in front #PetrolPump
‚Å¶@HYDTP‚Å© ‚Å¶@HYDTraffic‚Å© ‚Å¶@AddlCPTrHyd‚Å© ‚Å¶@AddlDCPTraffic‚Å© ‚Å¶@DCPTraffic1Hyd‚Å© ‚Å¶@CPHydCity‚Å© https://t.co/5A3fgWeHnC",MediaaKhalid
47,2021-03-27 15:44:11+00:00,1375836051139268609,"#HYDTPweBringAwareness 
Today Sri.Anjani Kumar, IPS., @CPHydCity along with Miss Anjali Cine Actress @yoursanjali launched Traffic Farishtey Program and released 3 Traffic awareness short films in the august presence of Sri Anil Kumar, IPS @AddlCPTrHyd  @DCPEASTZONE https://t.co/bbH9I6opWB",HYDTP
48,2021-03-26 11:56:12+00:00,1375416291071172613,"#HYDTPweBringAwareness 

Driving requires Patience &amp; concentration. 

Avoid road Rage.

Please follow traffic rules. https://t.co/EZ8qWcq9dY",HYDTP
49,2021-03-25 13:48:28+00:00,1375082156595191808,"#HYDTPweBringAwareness 

Today @insptr_srnagar traffic police conducted traffic awareness program with auto drivers at Sarathi studios, Ameerpet. @AddlCPTrHyd https://t.co/6SiS6cDTTA",HYDTP
50,2021-03-24 14:24:21+00:00,1374728800659857412,#HYDTPweBringAwareness #Helmet @HYDTP requests riders &amp; pillion riders to wear branded #isihelmet  Thank you @sachin_rt  @BrianLara  for promoting road safety. @AddlCPTrHyd https://t.co/Prw1dtvk7C,HYDTP
51,2021-03-24 14:18:35+00:00,1374727346645659652,"#HYDTPweBringAwareness

Please follow traffic rules https://t.co/YG35jVEP0o",begumpetPS_sdpt
52,2021-03-24 10:18:20+00:00,1374666887720669194,"#HYDTPweBringAwareness

Please follow traffic rules https://t.co/zwwhnsJhN4",HYDTP
53,2021-03-24 07:01:55+00:00,1374617457516716035,"#HYDTPweBringAwareness 
Today Mirchowk Traffic Police conducted traffic awareness program on wearing of Helmet and felicitated the commuters with Roses following traffic rules at #Salarjungmuseum
@AddlCPTrHyd https://t.co/IuR6NE6K64",HYDTP
54,2021-03-23 09:35:12+00:00,1374293644493004808,"#HYDTPweBringAwareness 

Please always buckle up seat belt while driving. https://t.co/nV5AHIfjpR",HYDTP
55,2021-03-22 09:06:39+00:00,1373924069914025985,"#HYDTPweBringAwareness 
Today Mirchowk Traffic Police conducted traffic awareness program and sensitized commuters on wearing of helmet &amp; Drunken Driving at #Salarjungmuseum https://t.co/h4s6ZGV2li",HYDTP
56,2021-03-20 05:48:46+00:00,1373149495538552833,"#HYDTPweBringAwareness 

Driving requires Patience &amp; Concentration. 

Please follow traffic rules. https://t.co/0gAdEfwPuG",shosaifabad
57,2021-03-20 03:19:03+00:00,1373111817661075456,"#HYDTPweBringAwareness 

Driving requires Patience &amp; Concentration. 

Please follow traffic rules.
@siddipetcp @siddipetcp @Ci_Cherial https://t.co/6zcVat9xD7",cherial_ps
58,2021-03-19 13:04:00+00:00,1372896638725808130,"#HYDTPweBringAwareness 

Driving requires Patience &amp; Concentration. 

Please follow traffic rules. https://t.co/VuZEkmgs6a",begumpetPS_sdpt
59,2021-03-19 09:59:09+00:00,1372850119779913728,"#HYDTPweBringAwareness 

Driving requires Patience &amp; Concentration. 

Please follow traffic rules. https://t.co/raeSjfU3wH",HYDTP
60,2021-03-18 09:42:43+00:00,1372483598121639936,"#HYDTPweBringAwareness 

Always wear helmet while driving for your own safety. https://t.co/JwnSnyjoCR",HYDTP
61,2021-03-18 09:22:48+00:00,1372478585882173443,"#HYDTPweBringAwareness 
Today @insptr_mirchowk  traffic police conducted traffic awareness program with pedestrians and commuters at Noor khan Bazar. https://t.co/vay2aD6JLZ",HYDTP
62,2021-03-17 12:07:24+00:00,1372157618047705090,"#HYDTPweBringAwareness 

In the intersection shown below what is the correct order for the cars to proceed?

A should give way to B

B should give way to A https://t.co/b6edRGoRKx",HYDTP
63,2021-03-16 09:52:16+00:00,1371761223176491008,"#HYDTPweBringAwareness 

Jis rafter se, tedi medi, 

Bina ruke jhahoge,

Ek Challan tho bantha hai

Life has no reset buttons, drive safe. Speed thrills but kills. https://t.co/T7OV3nd30y",HYDTP
64,2021-03-10 10:42:20+00:00,1369599497307791366,"#HYDTPweBringAwareness 
Today Mirchowk Traffic Police conducted Road Safety Awareness Program and sensitized commuters on importance of wearing Helmet near #SalarJungMuseum.
@AddlCPTrHyd https://t.co/yEBiosRRej",HYDTP
65,2021-03-10 10:36:18+00:00,1369597979292667904,"#HYDTPweBringAwareness 
Today Bahadurpua Traffic Police conducted Road Safety Awareness Program and sensitized Auto drivers on Traffic rules at Puranapool.
@AddlCPTrHyd https://t.co/uB60hWBP8T",HYDTP
66,2021-03-09 13:47:54+00:00,1369283808575385605,"#HYDTPweBringAwareness 
Today Mirchowk Traffic Police conducted Road Safety Awareness Program and sensitized Pedestrians &amp; Auto drivers on Traffic rules.
@AddlCPTrHyd https://t.co/edtgUkzjj9",HYDTP
67,2021-03-03 14:31:55+00:00,1367120557699833856,"#HYDTPweBringAwareness 
Today Bahadurpura Traffic Police conducted Road Safety Awareness Program and sensitized drivers on incidents and traffic rules at Zoo Park.
@AddlCPTrHyd https://t.co/lszHbO8HIF",HYDTP
68,2021-03-02 09:59:31+00:00,1366689616661671940,"#HYDTPweBringAwareness 
Today Sri. B. Ramesh, ACP Tr NZ along with Marredpally Traffic Police conducted Road Safety Awareness Program and sensitized citizens on Traffic rules at JBS.
@AddlCPTrHyd https://t.co/LuWtVPRWle",HYDTP
69,2021-03-01 06:58:00+00:00,1366281548274700293,#HYDTPweBringAwareness Today Sri.Rawe Shanker @acp_trf6 along with @insptr_mirchowk conducted traffic awareness program with the auto drivers at Salarjung museum. https://t.co/PrXSEDgFC5,HYDTP
70,2021-02-27 08:18:04+00:00,1365576925909970947,"#HYDTPweBringAwareness 
Today Sri.Rawe Shanker @acp_trf6 along with @insptr_bahadur conducted awareness program with the auto drivers at Chowmalla palace. https://t.co/uhYSegliK7",HYDTP
71,2021-02-27 06:28:15+00:00,1365549285828304905,"#HYDTPweBringAwareness 
Today Mahankali Traffic Police @insptr_mkl conducted awareness program with the citizens and sensitized about Traffic rules on Minor Driving,Triple riding, Cell phone , Drunk and Drive and improper number plates etc. https://t.co/MJ8Z0Uenhs",HYDTP
72,2021-02-26 07:44:10+00:00,1365206002950238209,"#HYDTPweBringAwareness 
Today Trimulgherry Traffic Police @insptr_trg conducted awareness program with the citizens and sensitized about Traffic rules on  Minor Driving,Triple riding, Cell phone Driving,Wrong side Driving, Drink and Drive,Seat belt,And improper number plates etc. https://t.co/6urcFE8Pd1",HYDTP
73,2021-02-26 07:19:07+00:00,1365199699288887301,"#HYDTPweBringAwareness 

Today @insptr_bahadur traffic police conducted awareness program with auto drivers at  puranapool bridge near Darwaza. https://t.co/PdKo2DEPVQ",HYDTP
74,2021-02-26 06:52:51+00:00,1365193089011224578,"#HYDTPweBringAwareness

 Today @insptr_falaknum traffic police conducted traffic awareness program with Auto drivers at Pisalbanda https://t.co/ep4cwGuhRG",HYDTP
75,2021-02-26 06:25:38+00:00,1365186239402414087,"#HYDTPweBringAwareness  

Today @insptr_mirchowk traffic police conducted traffic awareness program with Auto Drivers and TSRTC Bus drivers at MGBS out gate. https://t.co/7rqCwzVaF3",HYDTP
76,2021-02-25 13:16:32+00:00,1364927261078482945,"#HYDTPweBringAwareness 
Today Mirchowk Traffic Police conducted Road Safety Awareness Program with the auto drivers at IS Sadan junction.
 
@AddlCPTrHyd https://t.co/upcZJngNga",HYDTP
77,2021-02-25 11:57:32+00:00,1364907377019867140,"#HYDTPweBringAwareness 
Today Charminar Traffic Police conducted Road Safety Awareness Program with the auto drivers at Madina junction.
 
@AddlCPTrHyd https://t.co/2OkuSQRvbW",HYDTP
78,2021-02-25 08:54:43+00:00,1364861371955875842,"#HYDTPweBringAwareness 
Today Bahadurpura Traffic Police conducted Road Safety Awareness Program to the students of Govt. ITI at Tadban and sensitized them on Traffic rules &amp; regulations.
@AddlCPTrHyd https://t.co/T9vK4WgnZF",HYDTP
79,2021-02-24 12:26:53+00:00,1364552378721185804,"#HYDTPweBringAwareness 
Today Bahadurpura Traffic Police conducted Road Safety Awareness Program and sensitized Auto drivers on Traffic rules at Bahadurpura Jn.
@AddlCPTrHyd https://t.co/mvzsEKn0gv",HYDTP
80,2021-02-24 11:28:29+00:00,1364537679090618370,"#HYDTPweBringAwareness 
Today St. Joseph School Students visited Narayanguda Traffic Police, they were sensitized about Traffic rules on minor driving, triple riding, Cell phone driving, Road crossing etc.
@AddlCPTrHyd https://t.co/JGbVTz3Bk6",HYDTP
81,2021-02-15 13:13:24+00:00,1361302592135946242,"#HYDTPweBringAwareness Today @insptr_sbzr along with L&amp;O Police conducted awareness program conducted a meeting with Inderbagh, Koti medical shop owners. https://t.co/b2TDQSnTSB",HYDTP
82,2021-02-13 13:32:29+00:00,1360582619201638402,"HYDTPweBringawareness Today Begumpet Traffic Police conducted RS awareness Program in connection with the observation of #NationalRoadSafetyMonth  with coordination of TTI Begumpet, hero training center, kasturba school students at rasoolpura junction. https://t.co/p9ov50OMs8",HYDTP
83,2021-02-13 12:56:57+00:00,1360573678258388993,#HYDTPweBringawareness Today Charminar Traffic Police conducted RS awareness Program in connection with the observation of #NationalRoadSafetyMonth and sensitized petty vendors not to use  footpaths from Charminar to Ladbazar. https://t.co/OqlfZcEEEo,HYDTP
84,2021-02-12 09:08:20+00:00,1360153754704596992,"#HYDTPweBringAwareness 
Today SR Nagar Traffic Police conducted RS awareness Program in connection with the observation of #NationalRoadSafetyMonth and sensitized pedestrians to use Metro Stations &amp; footpaths for their own safety.
@AddlCPTrHyd https://t.co/DledDyDWeO",HYDTP
85,2021-02-11 15:07:46+00:00,1359881824084709377,"#HYDTPweBringAwareness 
Today Mirchowk Traffic Police conducted a Road Safety awareness Program in connection with the observation of #NationalRoadSafetyMonth2021 and sensitized on consequences of Rash &amp; Negligent and also on minor driving at SJ Rotary.
@AddlCPTrHyd https://t.co/evQpcSbCO0",HYDTP
86,2021-02-10 13:11:36+00:00,1359490202171887619,"#HYDTPweBringAwareness 
Today Sri. T. Goverdhan, ACP Tr WZ in coordination with RTC officials conducted Road Safety awareness Program in connection with the observation of #NationalRoadSafetyMonth and sensitized RTC drivers on M.V. Act at Ranigunj Depot.
@AddlCPTrHyd https://t.co/NDfjhsuggs",HYDTP
87,2021-02-10 13:03:05+00:00,1359488055346831371,"#HYDTPweBringAwareness 
Today Panjagutta Traffic Police conducted RS awareness Program in connection with the observation of #NationalRoadSafetyMonth and sensitized commuters to stop before the stop line and also on Rash &amp; Negligent driving at Shalimar, Panjagutta.
@AddlCPTrHyd https://t.co/4LCflsePry",HYDTP
88,2021-02-10 12:43:17+00:00,1359483073776160771,"#HYDTPweBringAwareness 
Today Charminar Traffic Police conducted RS awareness Program in connection with the observation of #NationalRoadSafetyMonth and sensitized commuters on consequences of Rash &amp; Negligent driving at city college.
@AddlCPTrHyd https://t.co/V11gGOmTY0",HYDTP
89,2021-02-09 13:46:41+00:00,1359136640321478659,"#HYDTPweBringAwareness 
Today Malakpet Traffic Police conducted RS awareness Program in connection with the observation of #NationalRoadSafetyMonth and sensitized commuters on Traffic rules at Nalgonda X Roads.
@AddlCPTrHyd https://t.co/ItgnQwNn6v",HYDTP
90,2021-02-09 13:34:08+00:00,1359133481255636992,"#HYDTPweBringAwareness 
Today Begumpet Traffic Police conducted RS awareness Program in connection with the observation of #NationalRoadSafetyMonth and sensitized commuters on Traffic rules at HPS out gate.
@AddlCPTrHyd https://t.co/hZ24CUU048",HYDTP
91,2021-02-09 13:21:55+00:00,1359130407535472644,"#HYDTPweBringAwareness 
Today SR Nagar Traffic Police conducted RS awareness Program in connection with the observation of #NationalRoadSafetyMonth and sensitized commuters on Traffic rules at Mythrivanam Jn.
@AddlCPTrHyd https://t.co/DbIsQg9mNk",HYDTP
92,2021-02-09 11:29:19+00:00,1359102073694916608,"#HYDTPweBringAwareness 
Today Bahadurpura Traffic Police conducted RS awareness Program in connection with the observation of #NationalRoadSafetyMonth and sensitized commuters on Traffic rules at Bahadurpura Jn.
@AddlCPTrHyd https://t.co/FAwDiLLhgm",HYDTP
93,2021-02-09 11:12:49+00:00,1359097918658023429,"#HYDTPweBringAwareness 
Today Mirchowk Traffic Police conducted RS awareness Program in connection with the observation of #NationalRoadSafetyMonth and sensitized commuters to stop before the stop line &amp; on traffic rules at IS Sedan.
@AddlCPTrHyd https://t.co/n0JgqeucYp",HYDTP
94,2021-02-09 11:07:16+00:00,1359096523355656192,"#HYDTPweBringAwareness 
Today Nampally Traffic Police conducted RS awareness Program in connection with the observation of #NationalRoadSafetyMonth and sensitized commuters on Traffic rules near Osmania gate at PCR Jn.
@AddlCPTrHyd https://t.co/ErNOQzmz6S",HYDTP
95,2021-02-08 13:39:57+00:00,1358772560452755456,"#HYDTPweBringAwareness 
Today Falaknuma Traffic Police conducted RS awareness Program in connection with the observation of #NationalRoadSafetyMonth and sensitized commuters to stop before the stop line &amp; on traffic rules at DRDL.
@AddlCPTrHyd https://t.co/t0sQTukTAr",HYDTP
96,2021-02-08 13:34:45+00:00,1358771251343282177,"#HYDTPweBringAwareness 
Today Malakpet Traffic Police conducted RS awareness Program in connection with the observation of #NationalRoadSafetyMonth and sensitized commuters to stop before the stop line &amp; on traffic rules at Moosarambagh.
@AddlCPTrHyd https://t.co/zGlXnTM4Cy",HYDTP
97,2021-02-08 13:18:07+00:00,1358767066325553154,"#HYDTPweBringAwareness 
Today SR Nagar Traffic Police conducted Road Safety awareness Program at Gurukula Girls High School, Borabanda and sensitized on traffic rules in connection with the observation of #NationalRoadSafetyMonth.
@AddlCPTrHyd https://t.co/jalhVTw51y",HYDTP
98,2021-02-08 13:08:40+00:00,1358764684384501762,"#HYDTPweBringAwareness 
Today Goshamahal Traffic Police conducted RS awareness Program in connection with the observation of #NationalRoadSafetyMonth and sensitized commuters to stop before the stop line &amp; on traffic rules at MJ Market.
@AddlCPTrHyd https://t.co/BiPaYCzTJJ",HYDTP
99,2021-02-08 12:43:11+00:00,1358758272044421122,"#HYDTPweBringAwareness 
Today Panjagutta Traffic Police conducted RS awareness Program in connection with the observation of #NationalRoadSafetyMonth and sensitized commuters to stop before the stop line &amp; on traffic rules at VV Statue Jn.
@AddlCPTrHyd https://t.co/a4c54WrK8R",HYDTP
100,2021-02-08 11:42:46+00:00,1358743070515204097,"#HYDTPweBringAwareness 
Today Begumpet Traffic Police conducted RS awareness Program in connection with the observation of #NationalRoadSafetyMonth and sensitized commuters to stop before the stop line at HPS out gate.
@AddlCPTrHyd https://t.co/m1lRgmnDpH",HYDTP
101,2021-02-08 08:23:50+00:00,1358693005243256832,"#HYDTPweBringAwareness 
Today Charminar Traffic Police conducted RS awareness Program in connection with the observation of #NationalRoadSafetyMonth and sensitized commuters to stop before the stop line.
@AddlCPTrHyd https://t.co/5ddEtEi99d",HYDTP
102,2021-02-06 12:01:53+00:00,1358023102764994566,"#HYDTPweBringAwareness 
Today Trimulgherry Traffic Police conducted Road Safety awareness Program in connection with the observation of #NationalRoadSafetyMonth and sensitized Auto drivers on Traffic rules &amp; regulations at Kamsalibazar, Bowenpally.
@AddlCPTrHyd https://t.co/uhh08HOWyk",HYDTP
103,2021-02-05 15:10:23+00:00,1357708155061301248,"#HYDTPweBringAwareness 
Today Goshamahal Traffic Police conducted Road Safety awareness Program in connection with the observation of #NationalRoadSafetyMonth and sensitized RTC drivers on Traffic Rules at Jiyaguda.
@AddlCPTrHyd https://t.co/zmKsUYv6nf",HYDTP
104,2021-02-05 15:02:56+00:00,1357706278206803973,"#HYDTPweBringAwareness 
Today SR Nagar Traffic Police conducted Road Safety awareness Program in connection with the observation of #NationalRoadSafetyMonth and sensitized RTC &amp; Auto drivers on Traffic Rules at Borabanda.
@AddlCPTrHyd https://t.co/fJA4wCq3SA",HYDTP
105,2021-02-05 14:45:07+00:00,1357701793069715462,"#HYDTPweBringAwareness 
Today Malakpet Traffic Police conducted Road Safety awareness Program in connection with the observation of #NationalRoadSafetyMonth and sensitized RTC drivers on Traffic Rules at Dilsukhnagar RTC Depot.
@AddlCPTrHyd https://t.co/onTlZmFOQm",HYDTP
106,2021-02-05 09:51:34+00:00,1357627920164950018,"#HYDTPweBringAwareness 
Today Kachiguda Traffic Police conducted Road Safety awareness Program in connection with the observation of #NationalRoadSafetyMonth and sensitized TSRTC drivers on Traffic Rules at Kachiguda depot. https://t.co/1xbPSlWmHi",HYDTP
107,2021-02-05 09:46:44+00:00,1357626702940180482,"#HYDTPweBringAwareness 
Today Sri. Rawe Shanker @acp_trf6 along with @insptr_mirchowk  Traffic Police conducted Road Safety awareness Program in connection with the observation of #NationalRoadSafetyMonth and sensitized TSRTC drivers on Traffic Rules at MGBS exit gate. https://t.co/gscFRvVZrW",HYDTP
108,2021-02-05 09:40:44+00:00,1357625196581187588,"#HYDTPweBringAwareness 
Today Marredpally Traffic Police conducted Road Safety awareness Program in connection with the observation of #NationalRoadSafetyMonth and sensitized cab drivers on Traffic Rules at JBS.
@AddlCPTrHyd https://t.co/zT6Nknva9o",HYDTP
109,2021-02-05 09:34:42+00:00,1357623674862374913,"#HYDTPweBringAwareness 
Today Sultan Bazar Traffic Police conducted RS awareness Program in connection with the observation of #NationalRoadSafetyMonth and sensitized RTC drivers on Traffic rules at Gowliguda Depot. Sri. L. Ravinder, Manager &amp; other staff also participated. https://t.co/YQmePuAlpK",HYDTP
110,2021-02-05 09:25:53+00:00,1357621457107394560,"#HYDTPweBringAwareness 
Today Trimulgherry Traffic Police conducted Road Safety awareness Program in connection with the observation of #NationalRoadSafetyMonth and sensitized DCM &amp; Auto drivers on Traffic rules &amp; regulations at Tadbund.
@AddlCPTrHyd https://t.co/z2e6RoSAzA",HYDTP
111,2021-02-05 07:02:53+00:00,1357585472139141130,"#HYDTPweBringAwareness 
Today Gopalapuram Traffic Police conducted Road Safety awareness Program in connection with the observation of #NationalRoadSafetyMonth and sensitized Goods carrier vehicle drivers on M.V. Act, overload &amp; extra projection at Warasiguda.
@AddlCPTrHyd https://t.co/aEFpxcos4I",HYDTP
112,2021-02-04 12:58:42+00:00,1357312625613312002,"#HYDTPweBringAwareness 
Today Falaknuma Traffic Police conducted Road Safety awareness Program in connection with the observation of #NationalRoadSafetyMonth and sensitized Auto drivers &amp; commuters not to block/obstruct the free left at MBNR X Roads.
@AddlCPTrHyd https://t.co/BBZdTfN3nT",HYDTP
113,2021-02-04 11:54:17+00:00,1357296414485737477,"#HYDTPweBringAwareness 
Today Marredpally Traffic Police conducted Road Safety awareness Program in connection with the observation of #NationalRoadSafetyMonth and sensitized commuters not to block/obstruct the free left at Upkar Jn.
@AddlCPTrHyd https://t.co/d5YHhcMftP",HYDTP
114,2021-02-04 11:23:59+00:00,1357288790310543366,"#HYDTPweBringAwareness 
Today Chikkadpally Traffic Police conducted Road Safety awareness Program in connection with the observation of #NationalRoadSafetyMonth and sensitized Biological E Limited on Road Safety.
@AddlCPTrHyd https://t.co/Fl3mKSrqzs",HYDTP
115,2021-02-04 11:17:09+00:00,1357287071560339460,"#HYDTPweBringAwareness 
Today Sri. K.V. Rawe Shankar, @acp_trf6 along with Charminar Traffic Police conducted Road Safety awareness Program in connection with the observation of #NationalRoadSafetyMonth and sensitized commuters not to block/obstruct the free left at Charminar. https://t.co/MCHrDfa1rH",HYDTP
116,2021-02-04 11:06:57+00:00,1357284502024773635,"#HYDTPweBringAwareness 
Today Nampally Traffic Police conducted Road Safety awareness Program in connection with the observation of #NationalRoadSafetyMonth and sensitized commuters not to block/obstruct the free left at PCR Jn.
@AddlCPTrHyd https://t.co/uv6dEV1ELn",HYDTP
117,2021-02-04 11:00:23+00:00,1357282849724919811,"#HYDTPweBringAwareness 
Today Bahadurpura Traffic Police conducted Road Safety awareness Program in connection with the observation of #NationalRoadSafetyMonth and sensitized Auto drivers &amp; commuters not to block/obstruct the free left.
@AddlCPTrHyd https://t.co/V1BibwNzYs",HYDTP
118,2021-02-04 10:55:37+00:00,1357281650720141312,"#HYDTPweBringAwareness 
Today Mahankali Traffic Police along with #HCSC &amp; TTI conducted Road Safety awareness Program in connection with the observation of #NationalRoadSafetyMonth and sensitized Auto drivers on Road Safety at Rly Stn Sec-bad.
@AddlCPTrHyd https://t.co/DI5ISoAdEb",HYDTP
119,2021-02-04 10:49:29+00:00,1357280106822004737,"#HYDTPweBringAwareness 
Today Gopalapuram Traffic Police conducted Road Safety awareness Program in connection with the observation of #NationalRoadSafetyMonth with #bigbasket delivery boys at Sangeeth X Roads. 
@AddlCPTrHyd https://t.co/QehAxUSTTl",HYDTP
120,2021-02-04 07:47:09+00:00,1357234222444908545,"#HYDTPweBringAwareness 
Today Panjagutta Traffic Police conducted a Road Safety awareness Program in connection with the observation of #NationalRoadSafetyMonth and sensitized commuters not to block/obstruct the free left &amp; on pedestrian safety.
@AddlCPTrHyd https://t.co/Tw3hYpomH3",HYDTP
121,2021-02-04 07:32:05+00:00,1357230431175757826,"#HYDTPweBringAwareness Today Sri. K.V. Rawe Shankar, @acpt_trf6 with Mircchowk Traffic Police conducted RS awareness Programme in connection with the observation of #NationalRoadSafetyMonth and sensitized commuters not to obstruct free left &amp; on pedestrian safety. @AddlCPTrHyd https://t.co/EUEJzS4gN2",HYDTP
122,2021-02-04 07:16:56+00:00,1357226617660084228,"#HYDTPweBringAwareness 
Today Charminar Traffic Police conducted a Road Safety awareness Program in connection with the observation of #NationalRoadSafetyMonth and sensitized commuters not to block/obstruct the free left.
@AddlCPTrHyd https://t.co/yIhXaBJ3F4",HYDTP
123,2021-02-03 14:16:56+00:00,1356969925986816000,"#HYDTPweBringAwareness 
Today Charminar Traffic Police conducted a RS awareness program in connection with the observation of #NationalRoadSafetyMonth @insptr_charmina https://t.co/8qyfC1CKn3",HYDTP
124,2021-02-03 12:30:21+00:00,1356943103991549954,"#HYDTPweBringAwareness 
Today Trimulgherrry Traffic Police conducted a RS awareness program in connection with the observation of #NationalRoadSafetyMonth at Diamond point. https://t.co/sBQ4B76KLu",HYDTP
125,2021-02-03 11:11:38+00:00,1356923295703044100,"#HYDTPweBringAwareness Today Mirchowk Traffic Police conducted a RS awareness program at chenchalguda for pedestrians, encouraging people to walk on foot path ,  educating hawkers and petty vendors on encroachment ill effects. https://t.co/bUcPXZ26GU",HYDTP
126,2021-02-03 09:23:39+00:00,1356896117699407873,"HYDTPweBringAwareness 
Today Sultan bazar traffic Police conducted RS awareness Program in connection with the observation of #NationalRoadSafetyMonth with pedestrians encouraging people to walk on foot paths.  @AddlCPTrHyd https://t.co/VYThxzqKhw",HYDTP
127,2021-02-03 08:01:44+00:00,1356875503387308032,"#HYDTPweBringAwareness 
Today Bahadurpura Traffic Police conducted Road Safety awareness Program in connection with the observation of #NationalRoadSafetyMonth and sensitised pedestrians to use footpaths to walk for their safety.
@AddlCPTrHyd https://t.co/eEWCarHFBL",HYDTP
128,2021-02-02 15:39:48+00:00,1356628392477515780,"HYDTPweBringAwareness 
Today Saifabad traffic Police conducted RS awareness Program in connection with the observation of #NationalRoadSafetyMonth on traffic rules &amp; regulations and importance of wearing #Helmet &amp; Seat. https://t.co/5UbcJdRv87",HYDTP
129,2021-02-02 08:10:59+00:00,1356515442743865345,"#HYDTPweBringAwareness 
Today Nampally Traffic Police conducted RS awareness Program in connection with the observation of #NationalRoadSafetyMonth and sensitized school children on traffic rules &amp; regulations and importance of wearing #Helmet &amp; Seat belt at Vyamshala school. https://t.co/oQMlvvldiV",HYDTP
130,2021-02-01 10:24:49+00:00,1356186735969886211,"#HYDTPweBringAwareness 
Today Falaknuma Traffic Police as a part of the #NationalRoadSafetyMonth conducted SPL drive against heavy vehicles entering city limits and sensitised drivers on No Entry timings and M.V. Act at Pisalbanda X Roads.
@AddlCPTrHyd https://t.co/mCalfPR0nS",HYDTP
131,2021-02-01 09:33:16+00:00,1356173763616727041,"#HYDTPweBringAwareness 
Today Malakpet Traffic Police as a part of the #NationalRoadSafetyMonth conducted SPL drive against heavy vehicles entering city limits and sensitised drivers on No Entry timings and M.V. Act at Azampura.
@AddlCPTrHyd https://t.co/xswmpdjsKj",HYDTP
132,2021-02-01 09:21:46+00:00,1356170870813691908,"#HYDTPweBringAwareness 
Today Charminar Traffic Police as a part of the #NationalRoadSafetyMonth conducted SPL drive against heavy vehicles entering city limits and sensitised drivers on No Entry timings and M.V. Act at Madina Jn.
@AddlCPTrHyd https://t.co/9vw8cU9UfY",HYDTP
133,2021-02-01 09:13:27+00:00,1356168777264623619,"#HYDTPweBringAwareness 
Today Trimulgherry Traffic Police conducted RS awareness Program in connection with the observation of #NationalRoadSafetyMonth and sensitised drivers on M.V. Act, No Entry timings at Bhatia X Road.
@AddlCPTrHyd https://t.co/8IPSzrSIQk",HYDTP
134,2021-02-01 08:58:20+00:00,1356164973181849602,"#HYDTPweBringAwareness 
Today Saifabad Traffic Police conducted RS awareness Program in connection with the observation of #NationalRoadSafetyMonth and sensitised Auto drivers on M.V. Act, wearing of uniform, polite with passengers at Rajdoot lane, Lakdikapool.
@AddlCPTrHyd https://t.co/l6VkUd5Rad",HYDTP
135,2021-02-01 08:01:37+00:00,1356150698530856966,"#HYDTPweBringAwareness 
Today Bahadurpura Traffic Police as a part of the #NationalRoadSafetyMonth conducted SPL drive against heavy vehicles entering city limits and sensitised drivers on No Entry timings and M.V. Act at Bahadurpura Jn.
@AddlCPTrHyd https://t.co/7KPKFeB0aD",HYDTP
136,2021-02-01 07:41:39+00:00,1356145672798445569,"#HYDTPweBringAwareness 
Today Mirchowk Traffic Police conducted Road Safety awareness Program in connection with the observation of #NationalRoadSafetyMonth and sensitised drivers on No Entry timings and M.V. Act at SJ Rotary.
@AddlCPTrHyd https://t.co/R2LV5SpQOa",HYDTP
137,2021-02-01 07:35:12+00:00,1356144052349988864,"#HYDTPweBringAwareness 
Today Nampally Traffic Police as a part of the #NationalRoadSafetyMonth conducted SPL drive against heavy vehicles entering city limits and sensitised drivers on No Entry timings and M.V. Act at A.R. Patrol Pump.
@AddlCPTrHyd https://t.co/3XNT2cEo5u",HYDTP
138,2021-02-01 07:27:28+00:00,1356142104972386306,"#HYDTPweBringAwareness 
Today Marredpally Traffic Police conducted Road Safety awareness Program in connection with the observation of #NationalRoadSafetyMonth and sensitised drivers on No Entry timings and M.V. Act at Balamrai.
@AddlCPTrHyd https://t.co/ToPOlRcCC7",HYDTP
139,2021-02-01 06:29:29+00:00,1356127514163200006,"#HYDTPweBringAwareness 
Today Panjagutta Traffic Police along with #infosys volunteers conducted RS awareness Program in connection with the observation of #NationalRoadSafetyMonth and sensitised on M.V. Act, Noise Pollution and wearing of Helmet &amp; Seat belt at VV Statue. https://t.co/AT75QirFIZ",HYDTP
140,2021-01-30 11:49:25+00:00,1355483252769792007,"#HYDTPweBringAwareness Today Sri. Anil Kumar, IPS., @Addlcptrfhyd along with Sri. L. S. Chowhan, IPS., @DCPtrf1 participated in awareness &amp; counseling session held by HTP in connection with the observation of #NationalRoadSafetyMonth2021 at KBR park road https://t.co/aDu1GZ1IA2",HYDTP
141,2021-01-29 12:18:18+00:00,1355128133528158208,"#HYDTPweBringAwareness 
Today Mahankali Traffic Police conducted awareness Program in connection with the observation of #NationalRoadSafetyMonth2021 and sensitized on Drunk and drive.  @AddlCPTrHyd https://t.co/3vIxOGPXmK",HYDTP
142,2021-01-29 12:09:44+00:00,1355125975596457988,"#HYDTPweBringAwareness 
Today Begumpet Traffic Police conducted awareness Program in connection with the observation of #NationalRoadSafetyMonth2021 and sensitized on Drunk and drive at CTO Jn. @AddlCPTrHyd https://t.co/J9MHNDltpA",HYDTP
143,2021-01-29 08:38:59+00:00,1355072939738062851,"#HYDTPweBringAwareness 
Today Panjagutta Traffic Police conducted RS awareness Program in connection with the observation of #NationalRoadSafetyMonth2021 and sensitized on M.V. Act, Noise Pollution and wearing of Helmet &amp; Seat belt at Panjagutta Jn.
@AddlCPTrHyd https://t.co/98BwSwtqZF",HYDTP
144,2021-01-29 08:28:24+00:00,1355070277428731905,"#HYDTPweBringAwareness 
Today Mirchowk Traffic Police conducted RS awareness Program in connection with the observation of #NationalRoadSafetyMonth2021 and sensitized citizens not to Drink &amp; Drive at SJ Rotary.
@AddlCPTrHyd https://t.co/ifd4UadCzB",HYDTP
145,2021-01-29 08:22:25+00:00,1355068772134969344,"#HYDTPweBringAwareness 
Today Trimulgherry Traffic Police conducted RS awareness Program in connection with the observation of #NationalRoadSafetyMonth2021 and sensitized Auto drivers not to Drink &amp; Drive at Bowenpally.
@AddlCPTrHyd https://t.co/DAHgIDTz3I",HYDTP
146,2021-01-29 07:46:25+00:00,1355059711247216641,"#HYDTPweBringAwareness 
Today Gopalapuram Traffic Police conducted RS awareness Program to the Employees of @pnbindia &amp; @KotakBankLtd in connection with the observation of #NationalRoadSafetyMonth2021 and sensitized on wearing of Helmet &amp; seat belt at S.D Road. https://t.co/TKRL7Ip9zk",HYDTP
147,2021-01-28 13:20:42+00:00,1354781446888546306,"#HYDTPweBringAwareness 
Today Charminar Traffic Police conducted RS awareness Program in connection with the observation of #NationalRoadSafetyMonth2021 sensitized on sound pollution at City College. 
@AddlCPTrHyd https://t.co/BPFXiS3kF0",HYDTP
148,2021-01-28 12:39:07+00:00,1354770984557965315,"#HYDTPweBringAwareness 
Today Begumpet Traffic Police conducted RS awareness Program in connection with the observation of #NationalRoadSafetyMonth2021 sensitized on sound pollution at CTO Junction. @AddlCPTrHyd https://t.co/zfXS0O8R9t",HYDTP
149,2021-01-28 10:00:43+00:00,1354731119690670083,"#HYDTPweBringAwareness 

All laws are made with conscience. Violation of law may leads to disaster. 

But, we won't let u die. 

Live the life fullest just by following traffic rules. 

@AddlCPTrHyd https://t.co/YcOoDccUio",HYDTP
150,2021-01-28 09:21:34+00:00,1354721269585862656,"#HYDTPweBringAwareness 
Today Sultanbazar Traffic Police conducted RS awareness Program in connection with the observation of #NationalRoadSafetyMonth2021 sensitized on sound pollution.  @AddlCPTrHyd https://t.co/gluJCncZpb",HYDTP
151,2021-01-28 08:46:39+00:00,1354712482871271436,"#HYDTPweBringAwareness 
Today Bahadurpura Traffic Police conducted RS awareness Program in connection with the observation of #NationalRoadSafetyMonth2021 sensitized on sound pollution at Bahadurpura Junction. @AddlCPTrHyd https://t.co/bJ9CFhT83x",HYDTP
152,2021-01-28 08:33:36+00:00,1354709196025937924,"#HYDTPweBringAwareness 
Today Trimulgherry Traffic Police conducted awareness Program in connection with the observation of #NationalRoadSafetyMonth2021 with Kalabrundham at Bollaram check post. @AddlCPTrHyd https://t.co/MVFIClPcKa",HYDTP
153,2021-01-28 07:14:54+00:00,1354689392577662979,"#HYDTPweBringAwareness 
Today Jubilee Hills Traffic Police conducted RS awareness Program in connection with the observation of #NationalRoadSafetyMonth2021 sensitized on sound pollution and booked cases against modified silencer vehicles at Jubilee Hills check post.
@AddlCPTrHyd https://t.co/aOoHSY2L0B",HYDTP
154,2021-01-27 14:55:47+00:00,1354442988605251588,"#HYDTPweBringAwareness 
Today Mahankali Traffic Police conducted a Road Safety awareness Program in connection with the observation of #NationalRoadSafetyMonth2021 and sensitized on the importance of wearing #Helmet. https://t.co/NYY5JZ2Ryp",HYDTP
155,2021-01-27 14:50:19+00:00,1354441614496649232,"#HYDTPweBringAwareness 
Today Begumpet Traffic Police conducted a Road Safety awareness Program in connection with the observation of #NationalRoadSafetyMonth2021 and sensitized on M.V Act &amp; on importance of wearing #Helmet. https://t.co/nQjNeNmiYw",HYDTP
156,2021-01-27 14:42:03+00:00,1354439531148132354,"#HYDTPweBringAwareness 
Today Nallakunta Traffic Police conducted a Road Safety awareness Program in connection with the observation of #NationalRoadSafetyMonth2021 and sensitized on the importance of wearing #Helmet. https://t.co/GDaZ9fPBRo",HYDTP
157,2021-01-27 08:58:09+00:00,1354352985858445312,"#HYDTPweBringAwareness 
Today Goshamahal Traffic Police conducted Road Safety awareness Program in connection with the observation of #NationalRoadSafetyMonth2021 and sensitized on importance of wearing #Helmet at MJ Market. https://t.co/LHafyXsHWY",HYDTP
158,2021-01-27 08:53:22+00:00,1354351782911066113,"#HYDTPweBringAwareness 
Today Abids Traffic Police conducted Road Safety awareness Program in connection with the observation of #NationalRoadSafetyMonth2021 and sensitized on Traffic rules &amp; Road Safety measures at Troop Bazar. https://t.co/Dm9dKd9MOJ",HYDTP
159,2021-01-27 07:32:39+00:00,1354331471700353031,"#HYDTPweBringAwareness 
Today Sultan Bazar Traffic Police conducted Road Safety awareness Program in connection with the observation of #NationalRoadSafetyMonth2021 and sensitized on importance of wearing #Helmet &amp; Seat Belt at Rangamahal Jn. https://t.co/G0gXAcDOZf",HYDTP
160,2021-01-27 07:23:28+00:00,1354329159435083778,"#HYDTPweBringAwareness 
Today Mirchowk Traffic Police conducted Road Safety awareness Program in connection with the observation of #NationalRoadSafetyMonth2021 and sensitized on importance of wearing #Helmet &amp; Seat Belt at IS Sedan. https://t.co/LU1Snvl1CE",HYDTP
161,2021-01-27 07:10:01+00:00,1354325775302811648,"#HYDTPweBringAwareness 
Today Bahadurpura Traffic Police conducted Road Safety awareness Program in connection with the observation of #NationalRoadSafetyMonth2021 and sensitized on importance of wearing #Helmet &amp; Seat Belt at Bahadurpura Jn. https://t.co/SMuzgX7yn6",HYDTP
162,2021-01-27 07:00:02+00:00,1354323262650499074,"#HYDTPweBringAwareness 
Today Malakpet Traffic Police conducted Road Safety awareness Program in connection with the observation of #NationalRoadSafetyMonth2021 and sensitized on importance of wearing #Helmet &amp; Seat Belt at Nalgonda X Roads. https://t.co/gMyKgFQzxR",HYDTP
163,2021-01-27 06:54:22+00:00,1354321837128212483,"#HYDTPweBringAwareness 
Today Panjagutta Traffic Police conducted Road Safety awareness Program in connection with the observation of #NationalRoadSafetyMonth2021 and sensitized on wearing of #Helmet &amp; Seat Belt at Panjagutta Jn. https://t.co/59jT7UORYz",HYDTP
164,2021-01-27 06:38:28+00:00,1354317833111392257,"#HYDTPweBringAwareness 
Today Charminar Traffic Police conducted Road Safety awareness Program in connection with the observation of #NationalRoadSafetyMonth2021 and sensitized on wearing of #Helmet at City College. https://t.co/IQYA4jzSuz",HYDTP
165,2021-01-27 06:32:18+00:00,1354316282238124032,"#HYDTPweBringAwareness 
Today Jubilee Hills Traffic Police conducted Road Safety awareness Program in connection with the observation of #NationalRoadSafetyMonth2021 and created awareness on wearing of #Helmet at Jubilee Hills Check Post. https://t.co/HV1Rw19bw3",HYDTP
166,2021-01-27 06:23:00+00:00,1354313941598445568,"#HYDTPweBringAwareness 
Today Trimulgherry Traffic Police conducted Road Safety awareness Program in connection with the observation of #NationalRoadSafetyMonth and sensitized DCM drivers on traffic rules and instructed to follow them at Bowenpally. https://t.co/OLRutlHnq3",HYDTP
167,2021-01-27 06:14:46+00:00,1354311870451077122,"#HYDTPweBringAwareness 
Today Banjara Hills Traffic Police conducted Road Safety awareness Program in connection with the observation of #NationalRoadSafetyMonth and sensitized citizens on traffic rules and on pedestrian safety at Road No.12 Banjara Hills. https://t.co/5fAjTOcghd",HYDTP
168,2021-01-25 12:10:41+00:00,1353676663633002498,"#HYDTPweBringAwareness 
Today Mahankali Traffic Police conducted Road Safety awareness Program in connection with the observation of #NationalRoadSafetyMonth and sensitized Auto drivers on traffic rules, wearing uniform and be polite with the citizens. https://t.co/kPyjt0qDhU",HYDTP
169,2021-01-25 11:41:17+00:00,1353669264281018369,"#HYDTPweBringAwareness 
Today Begumpet Traffic Police conducted Road Safety awareness Program in connection with the observation of #NationalRoadSafetyMonth and sensitized Auto drivers on traffic rules, wearing uniform and be polite with the citizens. https://t.co/ZSP4WNJ1PV",HYDTP
170,2021-01-25 11:08:00+00:00,1353660890864775170,"#HYDTPweBringAwareness 
Today Mirchowk Traffic Police conducted Road Safety awareness Program in connection with the observation of #NationalRoadSafetyMonth with drivers at MGBS exit. https://t.co/8H2AbHRoPY",HYDTP
171,2021-01-25 09:04:27+00:00,1353629796438220800,"#HYDTPweBringAwareness 
Today Jubilee Hills Traffic Police conducted Road Safety awareness Program in connection with the observation of #NationalRoadSafetyMonth and sensitized Auto drivers on traffic rules, wearing uniform and be polite with citizens at Jubille Hills Checkpost. https://t.co/FF3qgWjkz6",HYDTP
172,2021-01-25 07:22:26+00:00,1353604123162099712,"#HYDTPweBringAwareness 
Today Nampally Traffic Police conducted Road Safety awareness Program in connection with the observation of #NationalRoadSafetyMonth and sensitized Auto drivers on traffic rules, wearing uniform and be polite with citizens at Nampally Auto Stand. https://t.co/Sot1BBBKJ4",HYDTP
173,2021-01-25 07:01:18+00:00,1353598806575603712,"#HYDTPweBringAwareness 
Today Charminar &amp; Falaknuma Traffic Police conducted Road Safety awareness Program in connection with the observation of #NationalRoadSafetyMonth and sensitized Auto drivers on traffic rules, wearing uniform and be polite with citizens at MBNR X roads. https://t.co/HWeZpeDkgo",HYDTP
174,2021-01-25 06:55:06+00:00,1353597243714985986,"#HYDTPweBringAwareness 
Today Nallakunta Traffic Police conducted Road Safety awareness Program in connection with the observation of #NationalRoadSafetyMonth and sensitized Auto drivers on traffic rules, wearing uniform and be polite with citizens at Tarnaka. https://t.co/YxRPhPYkeX",HYDTP
175,2021-01-25 06:45:51+00:00,1353594916178251776,"#HYDTPweBringAwareness 
Today Sultan Bazar Traffic Police conducted Road Safety awareness Program in connection with the observation of #NationalRoadSafetyMonth and sensitized Auto drivers on traffic rules and be polite with citizens at CBS. https://t.co/gOIJ3K5lxH",HYDTP
176,2021-01-25 06:35:32+00:00,1353592321653149696,"#HYDTPweBringAwareness 
Today Panjagutta Traffic Police conducted Road Safety awareness Program in connection with the observation of #NationalRoadSafetyMonth and sensitized Auto drivers on traffic rules and to behave politely with citizens at Rajbhavan. https://t.co/ItdInRUQ6S",HYDTP
177,2021-01-23 12:30:28+00:00,1352956866347712512,"#HYDTPweBringAwareness 
Today Begumpet Traffic Police conducted Road Safety awareness Program in connection with the observation of #NationalRoadSafetyMonth with pedestrians and commuters at  CTO junction @AddlCPTrHyd https://t.co/hbIeSBzQDW",HYDTP
178,2021-01-23 09:27:43+00:00,1352910875116539904,"#HYDTPweBringAwareness 
Today Bahadurpura Traffic Police conducted Road Safety awareness Program in connection with the observation of #NationalRoadSafetyMonth on pedestrian safety , usage of  zebra line crossings at Zoopark road. @AddlCPTrHyd  @insptr_bahadur https://t.co/bHgwi6dBis",HYDTP
179,2021-01-23 09:20:39+00:00,1352909097398456320,"#HYDTPweBringAwareness 
Today Mahankali Traffic Police conducted Road Safety awareness Program in connection with the observation of #NationalRoadSafetyMonth at  SPG Church auditorium,  Secunderabad. @AddlCPTrHyd https://t.co/BTlWPEJApp",HYDTP
180,2021-01-23 09:08:03+00:00,1352905927804903424,#HYDTPweBringAwareness Sir ! Isn't there any punishment / penalties for pedistrian crossing the road at places OTHER than pedistrian crossing places ?,Niranja58169554
181,2021-01-23 08:38:26+00:00,1352898475931754496,"#HYDTPweBringAwareness 
Today Sri. K. Rawe Shankar, ACP Tr SZ along with Mirchowk Traffic Police conducted Road Safety awareness Program in connection with the observation of #NationalRoadSafetyMonth and sensitized on pedestrian safety at #SalarjungMuseum. https://t.co/7DSdjMvs9w",HYDTP
182,2021-01-23 06:35:28+00:00,1352867527819284480,"#HYDTPweBringAwareness 
Today Gopalpuram Traffic Police conducted Road Safety awareness Program in connection with the observation of #NationalRoadSafetyMonth and sensitized RTC drivers on traffic rules &amp; regulations at Chilkalguda Bus Stop. https://t.co/Rc74O54nOw",HYDTP
183,2021-01-22 14:02:58+00:00,1352617757657845761,"#indtoday: Sultan Bazar Traffic Police conducted RS awareness Program in connection with the observation of #NationalRoadSafetyMonth and sensitized pedestrians to use Metro Stns., FOBs &amp; footpaths for their own safety at Sultan Bazar Metro Station. #HYDTPweBringAwareness https://t.co/bloSZiwVVH",ind2day
184,2021-01-22 12:51:50+00:00,1352599857567985665,"#HYDTPweBringAwareness 
Today Nampally Traffic Police conducted Road Safety awareness Program in connection with the observation of #NationalRoadSafetyMonth with pedestrian safety at Nampally Metro station.  @AddlCPTrHyd https://t.co/A8uY1VUWUM",HYDTP
185,2021-01-22 12:46:35+00:00,1352598535607263235,"#HYDTPweBringAwareness 
Today Marredpally Traffic Police conducted Road Safety awareness Program in connection with the observation of #NationalRoadSafetyMonth @AddlCPTrHyd https://t.co/4SOUNyUxaa",HYDTP
186,2021-01-22 09:53:03+00:00,1352554865780682753,"#HYDTPweBringAwareness 
Today Saifabad Traffic Police conducted Road Safety awareness Program in connection with the observation of #NationalRoadSafetyMonth and sensitized on traffic rules &amp; regulations at Ravindra Bharathi. https://t.co/vS5dI7urAy",HYDTP
187,2021-01-22 09:48:38+00:00,1352553752293634049,"#HYDTPweBringAwareness 
Today Sri. B. Ramesh, ACP Tr NZ along with Trimulgherry Traffic Police conducted RS awareness Program in connection with the observation of #NationalRoadSafetyMonth and sensitized on traffic rules &amp; regulations at Lalbazar. https://t.co/wQ6AxLcASH",HYDTP
188,2021-01-22 09:44:25+00:00,1352552689750528001,"#HYDTPweBringAwareness 
Today Narayanguda Traffic Police conducted Road Safety awareness Program in connection with the observation of #NationalRoadSafetyMonth and sensitized Jay walkers on pedestrian safety at Liberty. https://t.co/ZWM1vPHV1o",HYDTP
189,2021-01-22 08:39:44+00:00,1352536411824508928,"#HYDTPweBringAwareness 
Today Kachiguda Traffic Police conducted Road Safety awareness Program in connection with the observation of #NationalRoadSafetyMonth and sensitized on pedestrian safety at Chadarghat X Roads. https://t.co/A0bEErP93r",HYDTP
190,2021-01-22 08:37:28+00:00,1352535843760558081,"#HYDTPweBringAwareness 
Today Goshamahal Traffic Police conducted Road Safety awareness Program in connection with the observation of #NationalRoadSafetyMonth and sensitized on pedestrian safety at MJ Market &amp; Ajantha Gate. https://t.co/chgI7F78IO",HYDTP
191,2021-01-22 07:47:33+00:00,1352523281409089544,"#HYDTPweBringAwareness 
Today Sultan Bazar Traffic Police conducted RS awareness Program in connection with the observation of #NationalRoadSafetyMonth and sensitized pedestrians to use Metro Stns., FOBs &amp; footpaths for their own safety at Sultan Bazar Metro Station. https://t.co/MwPEiQaXei",HYDTP
192,2021-01-22 07:08:11+00:00,1352513374819500033,"#HYDTPweBringAwareness 
Today Sri. B. Ramesh, ACP Tr NZ along with Gopalapuram Traffic Police conducted RS awareness Program in connection with the observation of #NationalRoadSafetyMonth and sensitized Auto &amp; DCM drivers on traffic rules &amp; regulations at Namalagundu, Warasiguda. https://t.co/wRLLqrRNog",HYDTP
193,2021-01-22 06:21:39+00:00,1352501664591142912,"#HYDTPweBringAwareness 
Today Mahankali Traffic Police conducted Road Safety awareness Program in connection with the observation of #NationalRoadSafetyMonth and sensitized RTC drivers &amp; staff on traffic rules at Rethifile bus stand. https://t.co/7vMhUydrRN",HYDTP
194,2021-01-21 14:29:12+00:00,1352261971102494720,"#HYDTPweBringAwareness 
Today Goshamahal Traffic Police conducted Road Safety awareness Program in connection with the observation of #NationalRoadSafetyMonth with pedestrian crossers at Metro station M J Market. 
@AddlCPTrHyd https://t.co/Pj53Bx2Kov",HYDTP
195,2021-01-21 12:01:25+00:00,1352224778619244544,"#HYDTPweBringAwareness 
Today Saifabad Traffic Police conducted Road Safety awareness Program in connection with the observation of #NationalRoadSafetyMonth at People's plaza.
@AddlCPTrHyd https://t.co/qgt9iE6G11",HYDTP
196,2021-01-21 11:58:02+00:00,1352223928819728384,"#HYDTPweBringAwareness 
Today Marredpally Traffic Police conducted Road Safety awareness Program in connection with the observation of #NationalRoadSafetyMonth with pedestrian crossers at JBS.
@AddlCPTrHyd https://t.co/7Q8GIaLtRI",HYDTP
197,2021-01-21 11:52:40+00:00,1352222579239518209,"#HYDTPweBringAwareness 
Today Jublieehills Traffic Police conducted Road Safety awareness Program in connection with the observation of #NationalRoadSafetyMonth with pedestrian crossers at foot over bridge Filmnagar road  @AddlCPTrHyd https://t.co/1frXLK6WD7",HYDTP
198,2021-01-21 11:23:59+00:00,1352215360351608835,"#HYDTPweBringAwareness 
Today Begumpet Traffic Police conducted Road Safety awareness Program in connection with the observation of #NationalRoadSafetyMonth with pedestrian crossers at HPS out gate. @AddlCPTrHyd https://t.co/Y8tkf65xbr",HYDTP
199,2021-01-21 09:12:21+00:00,1352182233507848195,"#HYDTPweBringAwareness 
Today Gopalpuram Traffic Police conducted Road Safety awareness Program in connection with the observation of #NationalRoadSafetyMonth and sensitized Auto drivers on traffic rules, wearing of uniform and be polite with citizens at Chilkalguda X roads. https://t.co/s1G5ltfaXi",HYDTP
200,2021-01-21 09:06:22+00:00,1352180726326718464,"#HYDTPweBringAwareness 
Today Bahadurpura Traffic Police conducted Road Safety awareness Program in connection with the observation of #NationalRoadSafetyMonth and sensitized on pedestrian safety to the visitors of Zoo Park. https://t.co/IcH3yzLxGZ",HYDTP
201,2021-01-21 09:00:17+00:00,1352179196269789184,"#HYDTPweBringAwareness 
Today Sultan Bazar Traffic Police conducted RS awareness Program in connection with the observation of #NationalRoadSafetyMonth and sensitized on pedestrian safety and felicitated the pedestrians with roses using FOBs &amp; footpaths at Puthlibowli Metro Stn. https://t.co/NzfFPtt4bC",HYDTP
202,2021-01-21 08:54:23+00:00,1352177712798998528,"#HYDTPweBringAwareness 
Today Kachiguda Traffic Police conducted RS awareness Program in connection with the observation of #NationalRoadSafetyMonth and sensitized on pedestrian safety and felicitated the pedestrians with roses using FOBs &amp; footpaths at Dilsukhnagar Metro Station https://t.co/cRBvpXsXCL",HYDTP
203,2021-01-21 08:05:36+00:00,1352165435861450752,"#HYDTPweBringAwareness 
Today Falaknuma Traffic Police conducted Road Safety awareness Program in connection with the observation of #NationalRoadSafetyMonth and sensitized Auto drivers on traffic rules and be polite with citizens at MBNR X roads. https://t.co/28sgdVRHlm",HYDTP
204,2021-01-21 07:58:46+00:00,1352163716603674627,"#HYDTPweBringAwareness 
Today Sri. Rawe Shankar, ACP Tr SZ along with Charminar Traffic Police conducted Road Safety awareness Program in connection with the observation of #NationalRoadSafetyMonth and sensitized on pedestrian safety at Madina X Roads. https://t.co/a06xzTNYBC",HYDTP
205,2021-01-21 07:19:51+00:00,1352153920986968065,"#HYDTPweBringAwareness 
Today Nampally Traffic Police conducted RS awareness Program in connection with the observation of #NationalRoadSafetyMonth and sensitized on pedestrian safety and felicitated the pedestrians with roses using FOBs &amp; footpaths at Nampally Metro Station. https://t.co/Aa3lYYHwY1",HYDTP
206,2021-01-21 07:12:46+00:00,1352152141549301760,"#HYDTPweBringAwareness 
Today Mirchowk Traffic Police conducted Road Safety awareness Program in connection with the observation of #NationalRoadSafetyMonth and sensitized on pedestrian safety at MGBS. Sri. Rawe Shankar, ACP SZ &amp; RTC Manager also participated. https://t.co/k8zg0vd8ZZ",HYDTP
207,2021-01-21 06:53:16+00:00,1352147231546085376,"#HYDTPweBringAwareness 
Today Nallakunta Traffic Police conducted Road Safety awareness Program in connection with the observation of #NationalRoadSafetyMonth and created awareness on pedestrian safety and felicitated the pedestrians with roses using FOBs &amp; footpaths at Habsiguda https://t.co/yuJpWgx6eE",HYDTP
208,2021-01-20 14:03:22+00:00,1351893081830825984,"#HYDTPweBringAwareness 
Today Bahadurpura Traffic Police conducted Road Safety awareness Program in connection with the observation of #NationalRoadSafetyMonth and created awareness on Traffic Rules to Auto drivers at Zoo Park. https://t.co/efUuhVuB7f",HYDTP
209,2021-01-20 13:47:36+00:00,1351889113184518148,"#HYDTPweBringAwareness 
Today Sri. Rawe Shankar, @acp_trf6 along with Mirchowk Traffic Police conducted Road Safety awareness Program in connection with the observation of #NationalRoadSafetyMonth and created awareness on importance of wearing #Helmet at IS Sedan. https://t.co/D3dF9pMCQA",HYDTP
210,2021-01-20 13:31:57+00:00,1351885176603721728,"#HYDTPweBringAwareness 
Today Sri P. Murali Krishna, @acp_trf2 along with Abids&amp;Narayanguda Tr Police conducted RS awareness Program in connection with the observation of #NationalRoadSafetyMonth and educated Commuters&amp;Auto drivers on Traffic rules at BJR Circle&amp;Narayanguda TRPS. https://t.co/Fo6p9zPLGI",HYDTP
211,2021-01-20 12:28:07+00:00,1351869110032818184,"#HYDTPweBringAwareness 
Today Kachiguda Traffic Police conducted Road Safety awareness Program in connection with the observation of #NationalRoadSafetyMonth and created awareness on importance of wearing #Helmet both by Rider/Pillion rider at Nimboliadda Jn. https://t.co/iaWxBCEg2T",HYDTP
212,2021-01-20 10:24:25+00:00,1351837980063789058,"#HYDTPweBringAwareness 
Today Sri. T. Goverdhan, @acp_trf3 along with @insptr_pgt conducted Road Safety awareness Program in connection with the observation of #NationalRoadSafetyMonth and created awareness on importance of wearing #Helmet at Panjagutta Jn. https://t.co/u5UVlag6Hx",HYDTP
213,2021-01-20 10:13:20+00:00,1351835193527582720,"#HYDTPweBringAwareness 
Today @insptr_ngd conducted Road Safety awareness Program in connection with the observation of #NationalRoadSafetyMonth and created awareness on importance of wearing #Helmet both by Rider/Pillion rider at Himayathnagar Y Jn. https://t.co/qXPOtax0Om",HYDTP
214,2021-01-20 08:17:40+00:00,1351806085942833154,"#HYDTPweBringAwareness 
Today @insptr_sbzr conducted Road Safety awareness Program in connection with the observation of #NationalRoadSafetyMonth and created awareness on importance of wearing #Helmet at Afzalgunj T Jn. https://t.co/m0trboPxN0",HYDTP
215,2021-01-20 08:13:28+00:00,1351805028961447936,"#HYDTPweBringAwareness 
Today @insptr_charmina conducted Road Safety awareness Program in connection with the observation of #NationalRoadSafetyMonth and felicitated the commuters with roses following traffic rules at City college Jn &amp; Madina X Roads. https://t.co/WVw50Kpiy3",HYDTP
216,2021-01-20 07:31:23+00:00,1351794438767448064,"#HYDTPweBringAwareness 
Today @insptr_mrdp conducted Road Safety awareness Program in connection with the observation of #NationalRoadSafetyMonth and created awareness on importance of wearing #Helmet at Balamrai X Road. https://t.co/n9MP7FXhYT",HYDTP
217,2021-01-20 07:22:22+00:00,1351792166666862596,"#HYDTPweBringAwareness 
Today @insptr_begumpet conducted Road Safety awareness Program in connection with the observation of #NationalRoadSafetyMonth and created awareness on importance of wearing #Helmet at CTO Jn. https://t.co/UAgqo0SfwN",HYDTP
218,2021-01-20 07:15:25+00:00,1351790419298852864,"#HYDTPweBringAwareness 
Today @insptr_Jbhills conducted Road Safety awareness Program in connection with the observation of #NationalRoadSafetyMonth and created awareness on importance of wearing #Helmet at Jubilee Hills Check post. https://t.co/aHnDlgDjJX",HYDTP
219,2021-01-20 07:01:52+00:00,1351787007236661249,"#HYDTPweBringAwareness 
Today @insptr_gopalap conducted Road Safety awareness Program in connection with the observation of #NationalRoadSafetyMonth and created awareness on wearing of #Helmet at Mettuguda X Roads. https://t.co/xbSUXWJCou",HYDTP
220,2021-01-19 14:01:58+00:00,1351530340637048834,"#HYDTPweBringAwareness  
Today @insptr_falaknum traffic police conducted Road Safety awareness Program in connection with the observation of #NationalRoadSafetyMonth2021 with Auto drivers at Bahadurpura junction. @AddlCPTrHyd https://t.co/MYpFLZ8oZM",HYDTP
221,2021-01-19 13:45:17+00:00,1351526143850029058,"#HYDTPweBringAwareness  
Today @insptr_kachigud traffic police conducted Road Safety awareness Program in connection with the observation of #NationalRoadSafetyMonth2021 with RTC drivers in the presence of RM &amp; DM of Hyd 2 Depot. @AddlCPTrHydoday https://t.co/GRnnKGSQMG",HYDTP
222,2021-01-19 13:34:57+00:00,1351523541540167690,"#HYDTPweBringAwareness  
Today @insptr_Saifabad traffic police conducted Road Safety awareness Program in connection with the observation of #NationalRoadSafetyMonth2021 with auto drivers at NTR Garden. @AddlCPTrHydoday https://t.co/Sz1meI67DL",HYDTP
223,2021-01-19 12:14:32+00:00,1351503305348837376,"#HYDTPweBringAwareness  
Today @insptr_abids traffic police conducted Road Safety awareness Program in connection with the observation of #NationalRoadSafetyMonth2021 with auto drivers at Abids circle. @AddlCPTrHyd https://t.co/TJWUjzgLQM",HYDTP
224,2021-01-19 11:00:23+00:00,1351484645993402371,"#HYDTPweBringAwareness  
Today @insptr_asifnaga conducted Road Safety awareness Program in connection with the observation of #NationalRoadSafetyMonth2021 with Bus drivers &amp; technical staff of Mehdipatnam Bus Depot. @AddlCPTrHyd https://t.co/liXGA0Qww7",HYDTP
225,2021-01-19 10:18:29+00:00,1351474100720467968,"#HYDTPweBringAwareness 
Today Sri. B. Ramesh @acp_trf1 along with 
@insptr_mrdp conducted Road Safety awareness Program in connection with the observation of #NationalRoadSafetyMonth2021 with Bus drivers &amp; technical staff ofJBS Bus Depot. @AddlCPTrHyd https://t.co/UXHYd9Ok2I",HYDTP
226,2021-01-19 10:03:06+00:00,1351470230346686470,"#HYDTPweBringAwareness 
Today Sri. V.Sreenivasa Reddy @acp_trf5 along with 
@insptr_kachigud conducted Road Safety awareness Program in connection with the observation of #NationalRoadSafetyMonth2021 with Bus drivers &amp; technical staff of Kachiguda Bus Depot. 
@AddlCPTrHyd https://t.co/950W05cLgU",HYDTP
227,2021-01-19 09:58:56+00:00,1351469179585478662,"#HYDTPweBringAwareness 
Today Sri. Rawe Shanker @acp_trf6 along with @insptr_falaknum conducted Road Safety awareness Program in connection with the observation of #NationalRoadSafetyMonth2021 with Bus drivers &amp; technical staff of Farooqnagar Bus Depot. 
@AddlCPTrHyd https://t.co/v6E9u9WriA",HYDTP
228,2021-01-19 09:53:23+00:00,1351467785633685506,"#HYDTPweBringAwareness 
Today @insptr_begumpet conducted Road Safety awareness Program in connection with the observation of #NationalRoadSafetyMonth2021 with Bus drivers &amp; technical staff of Ranigunj Bus Depot. @AddlCPTrHyd https://t.co/XnDYALqmyM",HYDTP
229,2021-01-19 07:45:17+00:00,1351435547080749057,"#HYDTPweBringAwareness 
Today @insptr_sbzr conducted Road Safety awareness Program in connection with the observation of #NationalRoadSafetyMonth2021 with Bus drivers &amp; technical staff of Hyderabad Bus Depot, Gowliguda. https://t.co/DwlYaA5U9p",HYDTP
230,2021-01-19 07:30:22+00:00,1351431792272658435,"#HYDTPweBringAwareness 
Today @insptr_gopalap conducted Road Safety awareness Program in connection with the observation of #NationalRoadSafetyMonth2021 and created awareness on wearing of #Helmet at Sangeeth X Roads. https://t.co/cXl6RYqOFO",HYDTP
231,2021-01-16 06:52:17+00:00,1350335043709722624,#HYDTPweBringAwareness Today @insptr_pgt with coordination of Hyderabad city Security Council conducted Awareness program at VV Statue.  @AddlCPTrHyd https://t.co/G9h14iogrB,HYDTP
232,2021-01-15 06:41:16+00:00,1349969887091806210,#HYDTPweBringAwareness Today @insptr_ngd traffic police with the help of KOMPASS college students conducted traffic awareness program at Himayathnagar Y junction and Liberty. @AddlCPTrHyd https://t.co/jjKdX8bFDR,HYDTP
